"id","word","stem","lang","category","timestamp","profileid"
en:dung,dung,dung,en,0,1407812709359,""
en:partaken,partaken,partake,en,0,1407812731593,""
en:cellarer,cellarer,cellarer,en,0,1407812934135,""
en:flues,flues,flue,en,0,1407984805491,""
en:stylus,stylus,stylus,en,0,1407984877692,""
en:flaming,flaming,flaming,en,0,1415848571122,""
en:way,way,way,en,0,1416698336761,""
en:shadowy,shadowy,shadowy,en,0,1416699445478,""
en:drudging,drudging,drudge,en,0,1417026193941,""
en:peal,peal,peal,en,0,1417030621879,""
en:harrowed,harrowed,harrow,en,0,1417032135335,""
en:farinaceous,farinaceous,farinaceous,en,0,1417032227180,""
en:corduroys,corduroys,corduroy,en,0,1417032288828,""
en:yawned,yawned,yawn,en,0,1417032320883,""
en:poring,poring,por.,en,0,1417032343771,""
en:trinkets,trinkets,trinket,en,0,1417040613759,""
en:spurned,spurned,spurn,en,0,1417041644393,""
en:taunting,taunting,taunt,en,0,1417533088936,""
en:conceitedly,conceitedly,conceitedly,en,0,1417533618194,""
en:flighty,flighty,flighty,en,0,1417533746575,""
en:vanquished,vanquished,vanquish,en,0,1417537098370,""
en:felicitous,felicitous,felicitous,en,0,1417537363784,""
en:toadies,toadies,toady,en,0,1417538295062,""
en:humbugs,humbugs,humbug,en,0,1417538309356,""
en:misgiving,misgiving,misgiving,en,0,1417538779345,""
en:glazier,glazier,glazier,en,0,1407130145701,""
en:wick,wick,wick,en,0,1407131084399,""
en:steeple,steeple,steeple,en,0,1407125075193,""
en:gridiron,gridiron,gridiron,en,0,1407291686293,""
en:unworthily,unworthily,unworthily,en,0,1406688051925,""
en:pates,pates,pate,en,0,1407124810583,""
en:choir,choir,choir,en,0,1407130265294,""
en:interjection,interjection,interjection,en,0,1407129989249,""
en:colt,colt,colt,en,0,1406688069486,""
en:cowls,cowls,cowl,en,0,1407724495958,""
en:illuminators,illuminators,illuminator,en,0,1406953266172,""
en:reticence,reticence,reticence,en,0,1407130944475,""
en:figments,figments,figment,en,0,1407724684586,""
en:chimeras,chimeras,chimera,en,0,1407124896235,""
en:dais,dais,dais,en,0,1407131362694,""
en:limpid,limpid,limpid,en,0,1407130370483,""
en:arcane,arcane,arcane,en,0,1407130871185,""
en:loquacity,loquacity,loquacity,en,0,1407130938082,""
en:hirsute,hirsute,hirsute,en,0,1407124821711,""
en:habit,habit,habit,en,0,1406952973061,""
en:parchment,parchment,parchment,en,0,1407723847494,""
en:edifying,edifying,edifying,en,0,1407125278282,""
en:addled,addled,addled,en,0,1407131511486,""
en:woe,woe,woe,en,0,1407130737933,""
en:confabulating,confabulating,confabulate,en,0,1407725161751,""
en:sacraments,sacraments,sacrament,en,0,1407811805870,""
en:mettlesome,mettlesome,mettlesome,en,0,1408320549156,""
en:credence,credence,credence,en,0,1408320709408,""
en:comeliness,comeliness,comeliness,en,0,1408320844481,""
en:sated,sated,sate,en,0,1408503741894,""
en:meed,meed,meed,en,0,1408322552704,""
en:syllogisms,syllogisms,syllogism,en,0,1408489124029,""
en:unedifying,unedifying,unedifying,en,0,1408320650501,""
en:monstrances,monstrances,monstrance,en,0,1408322282897,""
en:curry,curry,curry,en,0,1408320506627,""
en:ensnare,ensnare,ensnare,en,0,1408489178808,""
en:necromancers,necromancers,necromancer,en,0,1408881358443,""
en:bristling,bristling,bristling,en,0,1409279439874,""
en:inveighed,inveighed,inveigh,en,0,1408881496930,""
en:mulier,mulier,mulie,en,0,1409279613554,""
en:toilsome,toilsome,toilsome,en,0,1408680246870,""
en:concupiscent,concupiscent,concupiscent,en,0,1410008506186,""
en:cicadas,cicadas,cicada,en,0,1410009076420,""
en:provost,provost,provost,en,0,1409008643447,""
en:tare,tare,tare,en,0,1409098480213,""
en:erred,erred,err,en,0,1409098594833,""
en:reprobates,reprobates,reprobate,en,0,1408879207049,""
en:legations,legations,legation,en,0,1410064440911,""
en:dross,dross,dross,en,0,1409023754481,""
en:pilfering,pilfering,pilfer,en,0,1408681744604,""
en:fleeting,fleeting,fleeting,en,0,1410008094500,""
en:harking,harking,hark,en,0,1409087386117,""
en:hellebore,hellebore,hellebore,en,0,1409713669128,""
en:parenthetically,parenthetically,parenthetically,en,0,1409023474512,""
en:broached,broached,broach,en,0,1408679457463,""
en:recesses,recesses,recess,en,0,1409104202693,""
en:mote,mote,mote,en,0,1410007365361,""
en:necromancy,necromancy,necromancy,en,0,1409800678208,""
en:dropsy,dropsy,dropsy,en,0,1408881382541,""
en:harangue,harangue,harangue,en,0,1409098690556,""
en:purloined,purloined,purloin,en,0,1408591306017,""
en:cachinnations,cachinnations,cachinnation,en,0,1409279575020,""
en:nape,nape,nape,en,0,1409023685751,""
en:feeble,feeble,feeble,en,0,1409590203992,""
en:slaked,slaked,slake,en,0,1409590327451,""
en:epitome,epitome,epitome,en,0,1409009025535,""
en:offal,offal,offal,en,0,1409590443481,""
en:hooligans,hooligans,hooligan,en,0,1408879232608,""
en:Recant,Recant,recant,en,0,1409199152434,""
en:foment,foment,foment,en,0,1409103683893,""
en:monstrance,monstrance,monstrance,en,0,1409631345991,""
en:lemures,lemures,lemur,en,0,1409085969040,""
en:necromantic,necromantic,necromantic,en,0,1409023464539,""
en:lucre,lucre,lucre,en,0,1409590648702,""
en:soothsayers,soothsayers,soothsayer,en,0,1408881364565,""
en:recreants,recreants,recreant,en,0,1408879221656,""
en:simoniacal,simoniacal,simoniacal,en,0,1408881091031,""
en:usury,usury,usury,en,0,1409008921790,""
en:syllogism,syllogism,syllogism,en,0,1410008302559,""
en:curia,curia,curia,en,0,1409089647436,""
en:writhe,writhe,writhe,en,0,1410008475151,""
en:stake,stake,stake,en,0,1409199211508,""
en:tithes,tithes,tithe,en,0,1409008738271,""
en:molten,molten,molten,en,0,1409589956867,""
en:behest,behest,behest,en,0,1409089740619,""
en:snares,snares,snare,en,0,1410008138381,""
en:cloister,cloister,cloister,en,0,1409089863659,""
en:brume,brume,brume,en,0,1410014919889,""
en:tatterdemalions,tatterdemalions,tatterdemalion,en,0,1408879161281,""
en:twittered,twittered,twitter,en,0,1409085902147,""
en:mendicant,mendicant,mendicant,en,0,1408881512741,""
en:chasuble,chasuble,chasuble,en,0,1409279505735,""
en:truffles,truffles,truffle,en,0,1410014845241,""
en:duly,duly,duly,en,0,1409713633473,""
en:cauldron,cauldron,cauldron,en,0,1409630975344,""
en:jumble,jumble,jumble,en,0,1409085812460,""
en:smattering,smattering,smattering,en,0,1408881684695,""
en:sop,sop,sop,en,0,1410092083262,""
en:heresiarch,heresiarch,heresiarch,en,0,1410121172182,""
en:lascivious,lascivious,lascivious,en,0,1410489224372,""
en:yelping,yelping,yelp,en,0,1410065372667,""
en:irae,irae,IRA,en,0,1411186805049,""
en:sage,sage,sage,en,0,1410089542256,""
en:custodian,custodian,custodian,en,0,1410229474697,""
en:Sederunt,Sederunt,sederunt,en,0,1411097389378,""
en:keg,keg,keg,en,0,1410121221086,""
en:Domine,Domine,dominee,en,0,1411097557910,""
en:Hibernian,Hibernian,Hibernian,en,0,1410090329424,""
en:paupers,paupers,pauper,en,0,1410833192104,""
en:clubbing,clubbing,clubbing,en,0,1410833674409,""
en:aping,aping,API,en,0,1411098567773,""
en:hasten,hasten,hasten,en,0,1410833112069,""
en:wretch,wretch,wretch,en,0,1410121071793,""
en:therewith,therewith,therewith,en,0,1410118801188,""
en:studded,studded,studded,en,0,1411098437401,""
en:sneering,sneering,sneer,en,0,1411098090546,""
en:vocative,vocative,vocative,en,0,1410089618841,""
en:balms,balms,balm,en,0,1410064794464,""
en:bustle,bustle,bustle,en,0,1411186862669,""
en:ebullient,ebullient,ebullient,en,0,1411268284114,""
en:abbess,abbess,abbess,en,0,1410087998234,""
en:dissuades,dissuades,dissuade,en,0,1410229817712,""
en:virtuous,virtuous,virtuous,en,0,1411004397491,""
en:prevaricators,prevaricators,prevaricator,en,0,1410833150410,""
en:sederunt,sederunt,sederunt,en,0,1411090860907,""
en:chalice,chalice,chalice,en,0,1411267225971,""
en:guise,guise,guise,en,0,1411098466789,""
en:fluxion,fluxion,fluxion,en,0,1410229781728,""
en:strumpets,strumpets,strumpet,en,0,1410121188468,""
en:infamous,infamous,infamous,en,0,1410087851824,""
en:prebend,prebend,prebend,en,0,1411098859987,""
en:tympanum,tympanum,tympanum,en,0,1410094652738,""
en:pallet,pallet,pallet,en,0,1411251955680,""
en:raiment,raiment,raiment,en,0,1410118786461,""
en:riven,riven,rive,en,0,1410916851091,""
en:bulwark,bulwark,bulwark,en,0,1410121060672,""
en:commiseration,commiseration,commiseration,en,0,1410121283147,""
en:simile,simile,simile,en,0,1410065010272,""
en:gloss,gloss,gloss,en,0,1411004974114,""
en:Super,Super,super,en,0,1411306665831,""
en:yesteryear,yesteryear,yesteryear,en,0,1411440308307,""
en:illuminate,illuminate,illuminate,en,0,1411307033769,""
en:succor,succor,succor,en,0,1411429748662,""
en:hoard,hoard,hoard,en,0,1411430576618,""
en:ineffable,ineffable,ineffable,en,0,1411440378835,""
en:Raven,Raven,raven,en,0,1411440866891,""
en:limber,limber,limber,en,0,1411440983420,""
en:concinnity,concinnity,concinnity,en,0,1411440795839,""
en:caliphs,caliphs,caliph,en,0,1411355693412,""
en:raven,raven,raven,en,0,1411362530060,""
en:scuttled,scuttled,scuttle,en,0,1411307260863,""
en:extolled,extolled,extol,en,0,1411440772766,""
en:pudenda,pudenda,pudendum,en,0,1411362274991,""
en:nadir,nadir,nadir,en,0,1411362362180,""
en:scansion,scansion,scansion,en,0,1411440804519,""
en:cento,cento,cento,en,0,1411440221966,""
en:two,two,two,en,0,1411441155618,""
en:acrostic,acrostic,acrostic,en,0,1411440239935,""
en:listless,listless,listless,en,0,1411430197474,""
en:rucksack,rucksack,rucksack,en,0,1411833483796,""
en:scarcer,scarcer,scarce,en,0,1411833324221,""
en:lofty,lofty,lofty,en,0,1411787612334,""
en:miscreants,miscreants,miscreant,en,0,1411834390480,""
en:pettifogging,pettifogging,pettifogging,en,0,1411702065112,""
en:cudgel,cudgel,cudgel,en,0,1411835041136,""
en:freebooters,freebooters,freebooter,en,0,1411833522217,""
en:artificers,artificers,artificer,en,0,1411834131536,""
en:trodden,trodden,trodden,en,0,1411702334728,""
en:shirker,shirker,shirker,en,0,1411833402824,""
en:poltroons,poltroons,poltroon,en,0,1411702095946,""
en:maimed,maimed,maim,en,0,1411833335711,""
en:rowdies,rowdies,rowdy,en,0,1411833594394,""
en:duffers,duffers,duffer,en,0,1411702496336,""
en:mutineering,mutineering,mutineer,en,0,1411787426894,""
en:booty,booty,booty,en,0,1411702111922,""
en:GDP,GDP,GDP,en,0,1411873365634,""
en:set,set,set,en,0,1412043304987,""
en:abetting,abetting,abet,en,0,1411880498848,""
en:readily,readily,readily,en,0,1412224235282,""
en:recourse,recourse,recourse,en,0,1412224297394,""
en:dovetail,dovetail,dovetail,en,0,1412224000132,""
en:extrinsic,extrinsic,extrinsic,en,0,1412223730974,""
en:buttress,buttress,buttress,en,0,1412223508646,""
en:colonies,colonies,colony,en,0,1412224408490,""
en:presumption,presumption,presumption,en,0,1412223811400,""
en:expedience,expedience,expedience,en,0,1412223546169,""
en:wont,wont,wont,en,0,1412223740663,""
en:eschewing,eschewing,eschew,en,0,1412223526782,""
en:high-flown,high-flown,high-flown,en,0,1412223721555,""
en:when,when,when,en,0,1412307984577,""
en:Antiochus,Antiochus,Antiochus,en,0,1412307580942,""
en:sagacious,sagacious,sagacious,en,0,1412308008763,""
en:inchoate,inchoate,inchoate,en,0,1412307935389,""
en:entreaty,entreaty,entreaty,en,0,1412562558034,""
en:conjoined,conjoined,conjoin,en,0,1412566080316,""
en:mire,mire,mire,en,0,1412568019175,""
en:Prince,Prince,Prince,en,0,1412910391898,""
en:prudent,prudent,prudent,en,0,1412910396397,""
en:controvert,controvert,controvert,en,0,1412568027163,""
en:autarchic,autarchic,autarchic,en,0,1413423829285,""
en:catered,catered,cater,en,0,1413424151187,""
en:handmaid,handmaid,handmaid,en,0,1413459459488,""
en:effected,effected,effect,en,0,1413459412548,""
en:strife,strife,strife,en,0,1413422083788,""
en:bartered,bartered,barter,en,0,1413171411249,""
en:knuckle,knuckle,knuckle,en,0,1413152235836,""
en:serried,serried,serried,en,0,1413254600110,""
en:ensconced,ensconced,ensconce,en,0,1413420834667,""
en:indomitably,indomitably,indomitably,en,0,1413153023989,""
en:foreboded,foreboded,forebode,en,0,1413340938319,""
en:contumely,contumely,contumely,en,0,1413171262392,""
en:Dorten,Dorten,Dort,en,0,1413420926503,""
en:plebiscite,plebiscite,plebiscite,en,0,1413254745193,""
en:astray,astray,astray,en,0,1414031398565,""
en:innocuous,innocuous,innocuous,en,0,1413862632205,""
en:Chauvinist,Chauvinist,chauvinist,en,0,1416253130363,""
en:ruff,ruff,ruff,en,0,1416074587135,""
en:ringleaders,ringleaders,ringleader,en,0,1416253808021,""
en:contriving,contriving,contrive,en,0,1416141397552,""
en:ponderous,ponderous,ponderous,en,0,1416076805143,""
en:painstaking,painstaking,painstaking,en,0,1416253510775,""
en:glaring,glaring,glaring,en,0,1416249906383,""
en:nescience,nescience,nescience,en,0,1416075316512,""
en:cajolery,cajolery,cajolery,en,0,1416180452982,""
en:truism,truism,truism,en,0,1416075279731,""
en:dauntless,dauntless,dauntless,en,0,1416142247736,""
en:dumpling,dumpling,dumpling,en,0,1416074840432,""
en:jubilee,jubilee,jubilee,en,0,1416074479991,""
en:blear-eyed,blear-eyed,blear-eyed,en,0,1416075479898,""
en:protagonist,protagonist,protagonist,en,0,1416250418206,""
en:buffets,buffets,buffet,en,0,1416252105525,""
en:panegyrics,panegyrics,panegyric,en,0,1416241084471,""
en:yoke,yoke,yoke,en,0,1416141054053,""
en:usurers,usurers,usurer,en,0,1416253913717,""
en:drudge,drudge,drudge,en,0,1416180366740,""
en:carrion,carrion,carrion,en,0,1416253829307,""
en:windbag,windbag,windbag,en,0,1416252754123,""
en:retort,retort,retort,en,0,1416253843784,""
en:spouters,spouters,spouter,en,0,1416141888434,""
en:raillery,raillery,raillery,en,0,1416252776092,""
en:limed,limed,lime,en,0,1416141375080,""
en:filial,filial,filial,en,0,1416267398372,""
en:incumbent,incumbent,incumbent,en,0,1416240717202,""
en:handiwork,handiwork,handiwork,en,0,1416253778882,""
en:whetted,whetted,whet,en,0,1416141880237,""
en:ape,ape,ape,en,0,1416240350087,""
en:exactions,exactions,exaction,en,0,1416252388590,""
en:mountebanks,mountebanks,mountebank,en,0,1416250796540,""
en:wistfulness,wistfulness,wistfulness,en,0,1416343890633,""
en:greenhorn,greenhorn,greenhorn,en,0,1416269205604,""
en:advance,advance,advance,en,0,1416400100073,""
en:reassured,reassured,reassure,en,0,1416343741112,""
en:grizzled,grizzled,grizzled,en,0,1416346362399,""
en:hoary,hoary,hoary,en,0,1416346378852,""
en:thistles,thistles,thistle,en,0,1416269407593,""
en:Queer,Queer,queer,en,0,1416399799264,""
en:meekly,meekly,meekly,en,0,1416347176634,""
en:Scooted,Scooted,scoot,en,0,1416347704410,""
en:conjecture,conjecture,conjecture,en,0,1416399858795,""
en:inquest,inquest,inquest,en,0,1416347982513,""
en:mien,mien,mien,en,0,1416347775625,""
en:superciliousness,superciliousness,superciliousness,en,0,1416343970716,""
en:bugle,bugle,bugle,en,0,1416347281806,""
en:sinecure,sinecure,sinecure,en,0,1416401697409,""
en:stories,stories,storey,en,0,1416400110148,""
en:frumpy,frumpy,frumpy,en,0,1416400080837,""
en:helter-skelter,helter-skelter,helter-skelter,en,0,1416490090376,""
en:flung,flung,flung,en,0,1416401676315,""
en:remonstrated,remonstrated,remonstrate,en,0,1416508060191,""
en:that,that,that,en,0,1416400000682,""
en:waddle,waddle,waddle,en,0,1416401418665,""
en:swaggering,swaggering,swagger,en,0,1416401655901,""
en:abuts,abuts,abut,en,0,1416401059954,""
en:dexterous,dexterous,dexterous,en,0,1416507880629,""
en:quenched,quenched,quench,en,0,1416401891107,""
en:Exchequer,Exchequer,exchequer,en,0,1416401955694,""
en:supposing,supposing,suppose,en,0,1416400174019,""
en:under,under,under,en,0,1416400390060,""
en:meek,meek,meek,en,0,1416400896480,""
en:Pint,Pint,pint,en,0,1416605780367,""
en:dunghill,dunghill,dunghill,en,0,1416665902986,""
en:briars,briars,briar,en,0,1416605555032,""
en:prodigiously,prodigiously,prodigiously,en,0,1416677103051,""
en:undertook,undertook,undertook,en,0,1416607251175,""
en:retainers,retainers,retainer,en,0,1416487938267,""
en:conjuror,conjuror,conjuror,en,0,1416529862003,""
en:fawned,fawned,fawn,en,0,1416527997919,""
en:columbine,columbine,columbine,en,0,1416530153812,""
en:delve,delve,delve,en,0,1416593829571,""
en:file,file,file,en,0,1416607199991,""
en:whitewash,whitewash,whitewash,en,0,1416681161506,""
en:vicariously,vicariously,vicariously,en,0,1416677386203,""
en:pantaloon,pantaloon,pantaloon,en,0,1416530107471,""
en:saturnine,saturnine,saturnine,en,0,1416529693069,""
en:bolting,bolting,bolting,en,0,1416609296627,""
en:dissuading,dissuading,dissuade,en,0,1416677464647,""
en:cravat,cravat,cravat,en,0,1416638197300,""
en:pollards,pollards,pollard,en,0,1416605827793,""
en:flaxen,flaxen,flaxen,en,0,1416609015959,""
en:dikes,dikes,dike,en,0,1416638153153,""
en:Hark,Hark,hark,en,0,1416609485374,""
en:flounce,flounce,flounce,en,0,1416677306284,""
en:giddy,giddy,giddy,en,0,1416605991652,""
en:Hob,Hob,hob,en,0,1416679519259,""
en:squally,squally,squally,en,0,1416609031146,""
en:hunk,hunk,hunk,en,0,1416609141124,""
en:trifled,trifled,trifle,en,0,1416678122786,""
en:hob,hob,hob,en,0,1416683625490,""
en:dust-pan,dust-pan,dustpan,en,0,1416677129790,""
en:After,After,after,en,0,1416609010099,""
en:asunder,asunder,asunder,en,0,1416680727588,""
en:cask,cask,cask,en,0,1416679439378,""
en:chattered,chattered,chatter,en,0,1416605583526,""
en:rimy,rimy,rimy,en,0,1416638092620,""
en:reaping,reaping,reap,en,0,1416666169537,""
en:lamed,lamed,lame,en,0,1416605542436,""
en:ague,ague,ague,en,0,1416665796287,""
en:nob,nob,nob,en,0,1416679510961,""
en:imp,imp,imp,en,0,1416665853992,""
en:bellows,bellows,bellows,en,0,1416679605668,""
en:biled,biled,bile,en,0,1416678087316,""
en:thimble,thimble,thimble,en,0,1416609698208,""
en:dwelt,dwelt,dwell,en,0,1416677506567,""
en:sleet,sleet,sleet,en,0,1416680515255,""
en:gibbet,gibbet,gibbet,en,0,1416607371864,""
en:stragglers,stragglers,straggler,en,0,1416679874463,""
en:grazed,grazed,graze,en,0,1416677410054,""
en:snapped,snapped,snap,en,0,1416665937557,""
en:bib,bib,bib,en,0,1416609060195,""
en:wheelwright,wheelwright,wheelwright,en,0,1416677552647,""
en:goads,goads,goad,en,0,1416677773924,""
en:languid,languid,languid,en,0,1416490601810,""
en:impudence,impudence,impudence,en,0,1416400903443,""
en:boisterous,boisterous,boisterous,en,0,1416527559679,""
en:topsy-turvy,topsy-turvy,topsy-turvy,en,0,1416400242522,""
en:quaint,quaint,quaint,en,0,1416529897726,""
en:smothered,smothered,smother,en,0,1416605531107,""
en:grovelling,grovelling,grovel,en,0,1416680866699,""
en:mendacity,mendacity,mendacity,en,0,1416251527274,""
en:impudent,impudent,impudent,en,0,1416180295856,""
en:philistine,philistine,philistine,en,0,1416141608537,""
en:perjury,perjury,perjury,en,0,1416141753744,""
en:weal,weal,weal,en,0,1416254438448,""
en:effusions,effusions,effusion,en,0,1416250276689,""
en:mendacious,mendacious,mendacious,en,0,1416253549906,""
en:devolves,devolves,devolve,en,0,1416232871941,""
en:contriver,contriver,contriver,en,0,1417563098516,""
en:indentures,indentures,indenture,en,0,1417562197655,""
en:corrugated,corrugated,corrugated,en,0,1417560616532,""
en:suborned,suborned,suborn,en,0,1417561554573,""
en:linchpin,linchpin,linchpin,en,0,1417562027861,""
en:assented,assented,assent,en,0,1417560792071,""
en:myrmidons,myrmidons,Myrmidon,en,0,1417561526656,""
en:gloomy,gloomy,gloomy,en,0,1417561398823,""
en:remonstrances,remonstrances,remonstrance,en,0,1417562774682,""
en:ingratitude,ingratitude,ingratitude,en,0,1417573874371,""
en:fiendishly,fiendishly,fiendishly,en,0,1417563114834,""
en:fortitude,fortitude,fortitude,en,0,1417560961508,""
en:penitence,penitence,penitence,en,0,1417562009436,""
en:sut,sut,sue,en,0,1417562539612,""
en:vagaries,vagaries,vagary,en,0,1417563134026,""
en:countenances,countenances,countenance,en,0,1611804405972,""
en:chin,chin,chin,en,0,1631967025788,""
en:drudgeries,drudgeries,drudgery,en,0,1631967110075,""
en:besetting,besetting,beset,en,0,1631967492982,""
en:rag,rag,rag,en,0,1631967503928,""
en:milling,milling,Mill,en,0,1666640183613,""
en:tapered,tapered,taper,en,0,1666644277663,""
en:sustenance,sustenance,sustenance,en,0,1667155552064,""
en:squiggly,squiggly,squiggly,en,0,1667156283662,""
en:crook,crook,crook,en,0,1667156660911,""
en:deadhead,deadhead,deadhead,en,0,1667157087047,""
en:quiver,quiver,quiver,en,0,1667158039325,""
en:befuddled,befuddled,befuddle,en,0,1667159724527,""
en:frugal,frugal,frugal,en,0,1667182981188,""
en:glee,glee,glee,en,0,1667183018500,""
en:obnoxious,obnoxious,obnoxious,en,0,1667183109069,""
en:oaf,oaf,oaf,en,0,1667183141711,""
en:slop,slop,slop,en,0,1667242647040,""
en:Inexorably,Inexorably,inexorably,en,0,1667242773488,""
en:burrowing,burrowing,burrow,en,0,1667243029778,""
en:harrumphed,harrumphed,harrumph,en,0,1667243476871,""
en:unravel,unravel,unravel,en,0,1667243566085,""
en:pouting,pouting,pout,en,0,1667244461760,""
en:shanty,shanty,shanty,en,0,1667309855427,""
en:straggler,straggler,straggler,en,0,1667310797142,""
en:Riveted,Riveted,rivet,en,0,1667312235379,""
en:lumbered,lumbered,lumber,en,0,1667312713492,""
en:slouching,slouching,slouch,en,0,1667313083696,""
en:piddle,piddle,piddle,en,0,1667313717667,""
en:gruesome,gruesome,gruesome,en,0,1667314105435,""
en:bedraggled,bedraggled,bedraggled,en,0,1667314652557,""
en:staid,staid,staid,en,0,1667315037317,""
en:doodling,doodling,doodle,en,0,1667322556071,""
en:hooting,hooting,hoot,en,0,1667323503099,""
en:scraggly,scraggly,scraggly,en,0,1667326523626,""
en:gnarly,gnarly,gnarly,en,0,1667326537428,""
en:winked,winked,wink,en,0,1667329543573,""
en:unstinting,unstinting,unstinting,en,0,1667415814499,""
en:buoyed,buoyed,buoy,en,0,1668253927106,""
en:communists,communists,communist,en,0,1668254271967,""
en:daubing,daubing,daub,en,0,1668254278331,""
en:flaunted,flaunted,flaunt,en,0,1668254605662,""
en:smokestack,smokestack,smokestack,en,0,1668254638927,""
en:reveled,reveled,revel,en,0,1668254713161,""
en:libertarian,libertarian,libertarian,en,0,1668255798355,""
en:heretofore,heretofore,heretofore,en,0,1668304411337,""
en:bountiful,bountiful,bountiful,en,0,1668379835088,""
en:litmus,litmus,litmus,en,0,1668380884876,""
en:prurient,prurient,prurient,en,0,1668654084147,""
en:fealty,fealty,fealty,en,0,1668654197514,""
en:vestigial,vestigial,vestigial,en,0,1668654217891,""
en:purveyors,purveyors,purveyor,en,0,1668654270370,""
en:the,the,the,en,0,1668654920632,""
en:egregious,egregious,egregious,en,0,1668654924702,""
en:misers,misers,miser,en,0,1671889782046,""
en:Verily,Verily,verily,en,0,1671890066732,""
en:FELT,FELT,felt,en,0,1671890369995,""
en:pudendum,pudendum,pudendum,en,0,1671890614025,""
en:ado,ado,ado,en,0,1671890685723,""
en:steeds,steeds,steed,en,0,1671890822044,""
en:brocade,brocade,brocade,en,0,1671891351243,""
en:twain,twain,twain,en,0,1671891469252,""
en:hew,hew,hew,en,0,1671891492189,""
en:whence,whence,whence,en,0,1671891537248,""
en:thither,thither,thither,en,0,1671891541704,""
en:crone,crone,crone,en,0,1671985657417,""
en:smote,smote,smote,en,0,1671985925801,""
en:disport,disport,disport,en,0,1671998073382,""
en:import,import,import,en,0,1671998398454,""
en:chieftain,chieftain,chieftain,en,0,1671998638484,""
en:heaving,heaving,heaving,en,0,1671998975013,""
en:kremlin,kremlin,kremlin,en,0,1672025679576,""
en:raucous,raucous,raucous,en,0,1672026523670,""
en:morrow,morrow,morrow,en,0,1672230177673,""
en:till,till,till,en,0,1672233661729,""
en:supplication,supplication,supplication,en,0,1672234700044,""
en:cleft,cleft,cleft,en,0,1672235016449,""
en:verdant,verdant,verdant,en,0,1672236157925,""
en:curtly,curtly,curtly,en,0,1672236432078,""
en:heartsick,heartsick,heartsick,en,0,1672282873890,""
en:mettle,mettle,mettle,en,0,1672283050150,""
en:posturing,posturing,posture,en,0,1672283515494,""
en:disported,disported,disport,en,0,1672316671162,""
en:puffed,puffed,puffed,en,0,1672318223783,""
en:paltry,paltry,paltry,en,0,1672318420025,""
en:fitfully,fitfully,fitfully,en,0,1672372489021,""
en:them,them,them,en,0,1678332590563,""
en:matting,matting,matting,en,0,1678512699231,""
en:rosebud,rosebud,rosebud,en,0,1680369358692,""
en:swagger,swagger,swagger,en,0,1680369512446,""
en:finagle,finagle,finagle,en,0,1680370468446,""
en:doozy,doozy,doozy,en,0,1680374179354,""
en:plink,plink,plink,en,0,1680380400284,""
en:ensnared,ensnared,ensnare,en,0,1680383995748,""
en:smorgasbord,smorgasbord,smorgasbord,en,0,1680384030449,""
en:sassy,sassy,sassy,en,0,1681479776970,""
en:Draped,Draped,drape,en,0,1681501338969,""
en:damsels,damsels,damsel,en,0,1681506191998,""
en:piddling,piddling,piddling,en,0,1681508373566,""
en:tryst,tryst,tryst,en,0,1681581648501,""
en:unrequited,unrequited,unrequited,en,0,1681583221551,""
en:gaudiness,gaudiness,gaudiness,en,0,1688650277831,""
en:smelters,smelters,smelter,en,0,1688650298173,""
en:dinginess,dinginess,dinginess,en,0,1688650317548,""
en:wobblies,wobblies,Wobblies,en,0,1688651048918,""
en:mucker,mucker,mucker,en,0,1688651485790,""
en:numbskull,numbskull,numbskull,en,0,1688652212957,""
en:guileless,guileless,guileless,en,0,1689038793591,""
en:gallon,gallon,gallon,en,0,1691712627689,""
en:gaff,gaff,gaff,en,0,1691763005703,""
en:though,though,though,en,0,1691763240054,""
en:broadside,broadside,broadside,en,0,1691763244100,""
en:chive,chive,chives,en,0,1691763436431,""
en:shuck,shuck,shuck,en,0,1691763458226,""
en:coyly,coyly,coyly,en,0,1694462752976,""
en:haymakers,haymakers,haymaker,en,0,1694463366168,""
en:sock,sock,sock,en,0,1694466187688,""
en:scolding,scolding,scolding,en,0,1694466748315,""
en:furl,furl,furl,en,0,1694466756704,""
en:quaffed,quaffed,quaff,en,0,1694466801474,""
en:inasmuch,inasmuch,inasmuch,en,0,1694468581776,""
en:vernacular,vernacular,vernacular,en,0,1694469721612,""
en:caboose,caboose,caboose,en,0,1694469853086,""
en:dissipated,dissipated,dissipated,en,0,1694470199831,""
en:gander,gander,gander,en,0,1694470229461,""
en:stilted,stilted,stilted,en,0,1694471046784,""
en:swiveled,swiveled,swivel,en,0,1694801366747,""
en:leered,leered,leer,en,0,1694801856082,""
en:yowling,yowling,yowl,en,0,1694802199033,""
en:wop,wop,wop,en,0,1694804857793,""
en:swarthy,swarthy,swarthy,en,0,1694804962235,""
en:snicked,snicked,snick,en,0,1694805066364,""
en:mooncalf,mooncalf,mooncalf,en,0,1694805306854,""
en:flitted,flitted,flit,en,0,1694807363496,""
en:stilts,stilts,stilt,en,0,1694807755837,""
en:sash,sash,sash,en,0,1694808338227,""
en:floozies,floozies,floozie,en,0,1695330291831,""
en:preening,preening,preen,en,0,1695330444768,""
en:uncanny,uncanny,uncanny,en,0,1695330644052,""
en:hasp,hasp,hasp,en,0,1695331163525,""
en:duds,duds,dud,en,0,1695331403549,""
en:dimples,dimples,dimple,en,0,1698841851838,""
en:pronged,pronged,pronged,en,0,1698842005641,""
en:rivet,rivet,rivet,en,0,1698842561387,""
en:brisk,brisk,brisk,en,0,1698842773703,""
en:hunky,hunky,hunky,en,0,1699323615213,""
en:jauntily,jauntily,jauntily,en,0,1699414935811,""
en:splay,splay,splay,en,0,1699414959890,""
en:phials,phials,phial,en,0,1699497257403,""
en:sly,sly,sly,en,0,1699583763977,""
en:panatela,panatela,panatela,en,0,1699583905105,""
en:tomcats,tomcats,tomcat,en,0,1699669741628,""
en:tramping,tramping,tramp,en,0,1699670114399,""
en:snooper,snooper,snooper,en,0,1699755125609,""
en:wisecrack,wisecrack,wisecrack,en,0,1699755568040,""
en:street,street,street,en,0,1699846053670,""
en:fanny,fanny,fanny,en,0,1699846064868,""
en:gouged,gouged,gouge,en,0,1705179745652,""
en:smudging,smudging,smudge,en,0,1705180167710,""
en:jiggling,jiggling,jiggle,en,0,1705180730664,""
en:jism,jism,jism,en,0,1705180840655,""
en:hollered,hollered,holler,en,0,1705180888534,""
en:shoal,shoal,shoal,en,0,1709395855386,""
en:unduly,unduly,unduly,en,0,1709395911974,""
en:lovelorn,lovelorn,lovelorn,en,0,1709396771128,""
en:innuendoes,innuendoes,innuendo,en,0,1709470670082,""
en:glances,glances,glance,en,0,1709470703921,""
en:throes,throes,throes,en,0,1709478132809,""
en:dinghy,dinghy,dinghy,en,0,1709494463997,""
en:forsook,forsook,forsake,en,0,1709494568908,""
en:misgivings,misgivings,misgiving,en,0,1709551323409,""
en:filberts,filberts,filbert,en,0,1709551558712,""
en:jingles,jingles,jingle,en,0,1709554452999,""
en:lark,lark,lark,en,0,1709554493623,""
en:extol,extol,extol,en,0,1709555248137,""
en:obsolescence,obsolescence,obsolescence,en,0,1709556048088,""
en:ingenuous,ingenuous,ingenuous,en,0,1709556125935,""
en:curmudgeon,curmudgeon,curmudgeon,en,0,1709556129036,""
en:laggard,laggard,laggard,en,0,1710596513369,""
en:yawl,yawl,yawl,en,0,1710701323123,""
en:thronged,thronged,throng,en,0,1710701703609,""
en:perambulators,perambulators,perambulator,en,0,1710701858749,""
en:matrons,matrons,matron,en,0,1710701925569,""
en:buccaneers,buccaneers,buccaneer,en,0,1710730640948,""
en:sorrow,sorrow,sorrow,en,0,1710730706571,""
en:punctilious,punctilious,punctilious,en,0,1710730779732,""
en:sumptuary,sumptuary,sumptuary,en,0,1710730788482,""
en:ruefulness,ruefulness,ruefulness,en,0,1710730815155,""
en:asters,asters,aster,en,0,1710812555893,""
en:gabardines,gabardines,gabardine,en,0,1710812616057,""
en:buckshot,buckshot,buckshot,en,0,1712524020863,""
en:gables,gables,Gable,en,0,1712524803548,""
en:quaked,quaked,quake,en,0,1712525288377,""
en:balefully,balefully,balefully,en,0,1712525340691,""
en:knell,knell,knell,en,0,1712525370499,""
en:tautened,tautened,tauten,en,0,1712525377926,""
en:dank,dank,dank,en,0,1712525491296,""
en:fiend,fiend,fiend,en,0,1712526057139,""
en:sapper,sapper,sapper,en,0,1712549701292,""
en:Irredentist,Irredentist,irredentist,en,0,1712549749707,""
en:forbidding,forbidding,forbidding,en,0,1712570220184,""
en:quibble,quibble,quibble,en,0,1712570662708,""
en:streaked,streaked,streak,en,0,1714937056357,""
en:rapines,rapines,rapine,en,0,1714939603165,""
en:debauchery,debauchery,debauchery,en,0,1714939812772,""
en:proffered,proffered,proffer,en,0,1714941080682,""
en:droll,droll,droll,en,0,1714941185633,""
en:druids,druids,Druid,en,0,1718487324814,""
en:gleaned,gleaned,glean,en,0,1718487630700,""
en:slapdash,slapdash,slapdash,en,0,1608500447981,""
en:hoodlum,hoodlum,hoodlum,en,0,1608522823583,""
en:balk,balk,balk,en,0,1608690706504,""
en:ravenously,ravenously,ravenously,en,0,1608688806911,""
en:quibbles,quibbles,quibble,en,0,1608690980827,""
en:hitch,hitch,hitch,en,0,1608690745815,""
en:draperies,draperies,drapery,en,0,1608910742777,""
en:revelling,revelling,revel,en,0,1608979712755,""
en:nettle,nettle,nettle,en,0,1608724887882,""
en:skiff,skiff,skiff,en,0,1608788164543,""
en:tamped,tamped,tamp,en,0,1608980817787,""
en:arbour,arbour,arbour,en,0,1608955858402,""
en:goblets,goblets,goblet,en,0,1608979910145,""
en:wavering,wavering,waver,en,0,1608910788471,""
en:awnings,awnings,awning,en,0,1608724106210,""
en:buttonholed,buttonholed,buttonhole,en,0,1608979608971,""
en:hobnailed,hobnailed,hobnailed,en,0,1608980301569,""
en:wards,wards,Ward,en,0,1608979756606,""
en:crier,crier,crier,en,0,1608911956976,""
en:legitimist,legitimist,legitimist,en,0,1608955999646,""
en:gaiters,gaiters,gaiter,en,0,1608980312620,""
en:laced,laced,lace,en,0,1609260984441,""
en:lugubrious,lugubrious,lugubrious,en,0,1609044857699,""
en:uptake,uptake,uptake,en,0,1609181738824,""
en:cantankerous,cantankerous,cantankerous,en,0,1608993034967,""
en:divesting,divesting,divest,en,0,1609260770913,""
en:larks,larks,lark,en,0,1609180246529,""
en:vagrant,vagrant,vagrant,en,0,1609131195677,""
en:dowagers,dowagers,dowager,en,0,1609182373216,""
en:gobbledegook,gobbledegook,gobbledegook,en,0,1609180231625,""
en:dejectedly,dejectedly,dejectedly,en,0,1609261284827,""
en:wan,wan,wan,en,0,1609261674309,""
en:lassitude,lassitude,lassitude,en,0,1609180510827,""
en:lounger,lounger,lounger,en,0,1609078109356,""
en:straggly,straggly,straggly,en,0,1609241411902,""
en:dunce,dunce,dunce,en,0,1609181504086,""
en:cheapskate,cheapskate,cheapskate,en,0,1609179641626,""
en:mangy,mangy,mangy,en,0,1609241917813,""
en:camisole,camisole,camisole,en,0,1609260593269,""
en:scrounger,scrounger,scrounger,en,0,1609241569802,""
en:skulking,skulking,skulk,en,0,1609718097871,""
en:cooper,cooper,cooper,en,0,1609718857405,""
en:hooping,hooping,hoop,en,0,1609718865544,""
en:braided,braided,braid,en,0,1609717806489,""
en:glum,glum,glum,en,0,1609766288780,""
en:ramshackle,ramshackle,ramshackle,en,0,1609717558051,""
en:gargoyles,gargoyles,gargoyle,en,0,1609562179160,""
en:hubbub,hubbub,hubbub,en,0,1609717876316,""
en:bovine,bovine,bovine,en,0,1609302663037,""
en:garb,garb,garb,en,0,1609648817840,""
en:calico,calico,calico,en,0,1609719248439,""
en:bespeaks,bespeaks,bespeak,en,0,1609390566646,""
en:brazier,brazier,brazier,en,0,1609718884419,""
en:nattered,nattered,natter,en,0,1609561788926,""
en:murk,murk,murk,en,0,1609766331186,""
en:splurge,splurge,splurge,en,0,1609416333996,""
en:sooty,sooty,sooty,en,0,1609718081463,""
en:spate,spate,spate,en,0,1609483194972,""
en:braziers,braziers,brazier,en,0,1609390504368,""
en:wreathing,wreathing,wreath,en,0,1609417646602,""
en:gable,gable,gable,en,0,1609719024712,""
en:grimy,grimy,grimy,en,0,1609561164685,""
en:mould,mould,mould,en,0,1609766618340,""
en:meerschaum,meerschaum,meerschaum,en,0,1609717822940,""
en:squatter,squatter,squatter,en,0,1609718771655,""
en:ghoulish,ghoulish,ghoulish,en,0,1609766767837,""
en:gruelling,gruelling,gruelling,en,0,1609766367758,""
en:gauntlets,gauntlets,gauntlet,en,0,1609717690451,""
en:tripe,tripe,tripe,en,0,1609733684473,""
en:destitution,destitution,destitution,en,0,1609718001195,""
en:teeming,teeming,teem,en,0,1609718834799,""
en:qualm,qualm,qualm,en,0,1610883338415,""
en:carters,carters,carter,en,0,1609910232897,""
en:culvert,culvert,culvert,en,0,1611291978993,""
en:squelched,squelched,squelch,en,0,1611292010497,""
en:commiserations,commiserations,commiseration,en,0,1611398202759,""
en:splicing,splicing,splice,en,0,1611411685533,""
en:dazed,dazed,daze,en,0,1610279017771,""
en:prow,prow,prow,en,0,1610972122534,""
en:dunked,dunked,dunk,en,0,1611399117408,""
en:forage,forage,forage,en,0,1610884310079,""
en:sliver,sliver,sliver,en,0,1611411927773,""
en:erstwhile,erstwhile,erstwhile,en,0,1611411305177,""
en:coop,coop,coop,en,0,1611398582152,""
en:lees,lees,lees,en,0,1610971005070,""
en:traipse,traipse,traipse,en,0,1610454826672,""
en:reeds,reeds,Reed,en,0,1610771094869,""
en:sloth,sloth,sloth,en,0,1610972362290,""
en:supine,supine,supine,en,0,1610972376445,""
en:piker,piker,piker,en,0,1624159295208,""
en:smackeroo,smackeroo,smackeroo,en,0,1624159060422,""
en:fey,fey,fey,en,0,1624155612058,""
en:tote,tote,tote,en,0,1624155272834,""
en:casuistry,casuistry,casuistry,en,0,1631879398316,""
en:pleonasm,pleonasm,pleonasm,en,0,1631879349733,""
en:queasiness,queasiness,queasiness,en,0,1662927833731,""
en:beggared,beggared,beggar,en,0,1663520874365,""
en:postulant,postulant,postulant,en,0,1662928572169,""
en:blight,blight,blight,en,0,1663530524032,""
en:grungy,grungy,grungy,en,0,1663542132300,""
en:wary,wary,wary,en,0,1662838474469,""
en:reed,reed,reed,en,0,1662913173054,""
en:dunk,dunk,dunk,en,0,1662924715512,""
en:plumage,plumage,plumage,en,0,1663518079458,""
en:squiggles,squiggles,squiggle,en,0,1663186346851,""
en:husbandry,husbandry,husbandry,en,0,1662927785480,""
en:cowl,cowl,cowl,en,0,1662912283621,""
en:gimmick,gimmick,gimmick,en,0,1662924605742,""
en:cloistered,cloistered,cloistered,en,0,1662825974687,""
en:dissension,dissension,dissension,en,0,1663186731029,""
en:bumbling,bumbling,bumbling,en,0,1663520065293,""
en:rambunctious,rambunctious,rambunctious,en,0,1662825502078,""
en:brash,brash,brash,en,0,1662763328192,""
en:internecine,internecine,internecine,en,0,1662838818732,""
en:nurturing,nurturing,nurture,en,0,1662927395857,""
en:quagmire,quagmire,quagmire,en,0,1663623789001,""
en:sieved,sieved,sieve,en,0,1662851613688,""
en:willies,willies,willies,en,0,1662911607486,""
en:sniveling,sniveling,snivel,en,0,1663532120880,""
en:gawky,gawky,gawky,en,0,1662763262058,""
en:quandary,quandary,quandary,en,0,1662852617855,""
en:hooky,hooky,hooky,en,0,1663624171504,""
en:gourd,gourd,gourd,en,0,1663186489478,""
en:sunshine,sunshine,sunshine,en,0,1662763392368,""
en:miser,miser,miser,en,0,1663519232043,""
en:dissent,dissent,dissent,en,0,1663186723032,""
en:strappy,strappy,strappy,en,0,1663519396712,""
en:infallible,infallible,infallible,en,0,1662924241962,""
en:prior,prior,prior,en,0,1662825992385,""
en:ravenous,ravenous,ravenous,en,0,1663520597925,""
en:sally,sally,sally,en,0,1663518133009,""
en:sheen,sheen,sheen,en,0,1662913380396,""
en:disquiet,disquiet,disquiet,en,0,1662422197363,""
en:burrowed,burrowed,burrow,en,0,1662913241078,""
en:pealing,pealing,peal,en,0,1662838358873,""
en:plainchant,plainchant,plainchant,en,0,1662912732175,""
en:ransacked,ransacked,ransack,en,0,1662825853829,""
en:swooning,swooning,swoon,en,0,1663471015989,""
en:musky,musky,musky,en,0,1663624238171,""
en:dissolute,dissolute,dissolute,en,0,1662826469694,""
en:insidious,insidious,insidious,en,0,1663188825265,""
en:dregs,dregs,dregs,en,0,1663532166133,""
en:drizzled,drizzled,drizzle,en,0,1662852546332,""
en:rickety,rickety,rickety,en,0,1663623904246,""
en:goaded,goaded,goad,en,0,1663520193422,""
en:puny,puny,puny,en,0,1663188515427,""
en:effete,effete,effete,en,0,1663470968854,""
en:cassock,cassock,cassock,en,0,1663191373573,""
en:humdrum,humdrum,humdrum,en,0,1662825185228,""
en:superfluous,superfluous,superfluous,en,0,1662928071672,""
en:Congregation,Congregation,congregation,en,0,1663678739642,""
en:loath,loath,loath,en,0,1663708439089,""
en:tiller,tiller,tiller,en,0,1663721942752,""
en:fugue,fugue,fugue,en,0,1663709862804,""
en:strutting,strutting,strut,en,0,1663678883909,""
en:Tureens,Tureens,tureen,en,0,1663678557331,""
en:bobbled,bobbled,bobble,en,0,1663722108088,""
en:mired,mired,mire,en,0,1663679253312,""
en:shod,shod,shod,en,0,1663678162441,""
en:Doctrine,Doctrine,doctrine,en,0,1663678751712,""
en:rote,rote,rote,en,0,1663708906328,""
en:unction,unction,unction,en,0,1663708573880,""
en:yokel,yokel,yokel,en,0,1663710574011,""
en:corralled,corralled,corral,en,0,1663678769727,""
en:quaking,quaking,quake,en,0,1663678909833,""
en:tack,tack,tack,en,0,1663711221766,""
en:Stymied,Stymied,stymie,en,0,1663721632874,""
en:snooty,snooty,snooty,en,0,1663710558771,""
en:levity,levity,levity,en,0,1663679474341,""
en:surplice,surplice,surplice,en,0,1663678204642,""
en:feral,feral,feral,en,0,1663717530258,""
en:gawked,gawked,gawk,en,0,1664845286309,""
en:blubbering,blubbering,blubber,en,0,1665954417587,""
en:twangy,twangy,twangy,en,0,1665427638002,""
en:prim,prim,prim,en,0,1665427333717,""
en:ramrod,ramrod,ramrod,en,0,1665426296447,""
en:doe,doe,doe,en,0,1664741076962,""
en:frocks,frocks,frock,en,0,1664829270495,""
en:unfathomable,unfathomable,unfathomable,en,0,1664741339178,""
en:billowing,billowing,billowing,en,0,1664829261846,""
en:draped,draped,drape,en,0,1664741087902,""
en:copping,copping,cop,en,0,1664741235911,""
en:bouffant,bouffant,bouffant,en,0,1664741517230,""
en:toned,toned,toned,en,0,1664909634867,""
en:effusive,effusive,effusive,en,0,1664845299365,""
en:shallots,shallots,shallot,en,0,1665427799188,""
en:slither,slither,slither,en,0,1664741125080,""
en:mullioned,mullioned,mullioned,en,0,1664741026379,""
en:huffed,huffed,huff,en,0,1664908542950,""
en:behemoths,behemoths,behemoth,en,0,1664741115835,""
en:petered,petered,Peter,en,0,1665000296403,""
en:tassels,tassels,tassel,en,0,1665953967486,""
en:flutter,flutter,flutter,en,0,1665953799125,""
en:stately,stately,stately,en,0,1664829742824,""
en:disheveled,disheveled,disheveled,en,0,1664829241167,""
en:morose,morose,morose,en,0,1664741209094,""
en:queasy,queasy,queasy,en,0,1666559825070,""
en:braying,braying,bray,en,0,1667417721027,""
en:cursorily,cursorily,cursorily,en,0,1667416523076,""
en:chauvinist,chauvinist,chauvinist,en,0,1667418001466,""
en:haranguing,haranguing,harangue,en,0,1667418014045,""
en:jarred,jarred,jar,en,0,1667418404711,""
en:dollop,dollop,dollop,en,0,1667426863828,""
en:windfall,windfall,windfall,en,0,1667426952573,""
en:stifling,stifling,stifle,en,0,1667678263248,""
en:truculent,truculent,truculent,en,0,1667683727656,""
en:hunkering,hunkering,hunker,en,0,1668034855784,""
en:ignominiously,ignominiously,ignominiously,en,0,1667746046889,""
en:teleology,teleology,teleology,en,0,1667674230736,""
en:pageantry,pageantry,pageantry,en,0,1667771861432,""
en:stem,stem,stem,en,0,1668108892468,""
en:bestiary,bestiary,bestiary,en,0,1667670344804,""
en:placate,placate,placate,en,0,1668023033240,""
en:prerogative,prerogative,prerogative,en,0,1668045877583,""
en:chancy,chancy,chancy,en,0,1667685738734,""
en:recognizance,recognizance,recognizance,en,0,1667746032521,""
en:crackpot,crackpot,crackpot,en,0,1667763091723,""
en:paroxysm,paroxysm,paroxysm,en,0,1668108593713,""
en:unbridled,unbridled,unbridled,en,0,1667771947512,""
en:creed,creed,creed,en,0,1667621833688,""
en:dilettantes,dilettantes,dilettante,en,0,1667678722610,""
en:supplant,supplant,supplant,en,0,1667683709958,""
en:clamors,clamors,clamor,en,0,1667729099108,""
en:ragtag,ragtag,ragtag,en,0,1667682787919,""
en:capacious,capacious,capacious,en,0,1667729251915,""
en:juggernaut,juggernaut,juggernaut,en,0,1667771676222,""
en:nostrum,nostrum,nostrum,en,0,1667684172662,""
en:mollify,mollify,mollify,en,0,1668109101047,""
en:pilfer,pilfer,pilfer,en,0,1667684527479,""
en:decked,decked,decked,en,0,1667762715444,""
en:chief,chief,chief,en,0,1667729385705,""
en:deference,deference,deference,en,0,1667729661692,""
en:inebriating,inebriating,inebriate,en,0,1668034440112,""
en:mendaciously,mendaciously,mendaciously,en,0,1667744828058,""
en:acquiescence,acquiescence,acquiescence,en,0,1667621569400,""
en:palingenetic,palingenetic,palingenetic,en,0,1667670328305,""
en:humus,humus,humus,en,0,1667672652638,""
en:truculently,truculently,truculently,en,0,1667622139980,""
en:normative,normative,normative,en,0,1668045887114,""
en:waxed,waxed,wax,en,0,1667771925319,""
en:fetters,fetters,fetter,en,0,1667673054488,""
en:waned,waned,wane,en,0,1667771918720,""
en:tepid,tepid,tepid,en,0,1668034454598,""
en:entails,entails,entail,en,0,1667914211241,""
en:yawning,yawning,yawn,en,0,1667671272068,""
en:incongruously,incongruously,incongruously,en,0,1667744802074,""
en:libertinism,libertinism,libertinism,en,0,1667729064007,""
en:abetted,abetted,abet,en,0,1667762655639,""
en:paunchy,paunchy,paunchy,en,0,1668108639381,""
en:ratcheted,ratcheted,ratchet,en,0,1668106277036,""
en:flabbiness,flabbiness,flabbiness,en,0,1668034388751,""
en:posit,posit,posit,en,0,1667670291802,""
en:gamut,gamut,gamut,en,0,1667729128132,""
en:foundered,foundered,founder,en,0,1667746375380,""
en:toehold,toehold,toehold,en,0,1667671224421,""
en:uncomely,uncomely,uncomely,en,0,1667621730976,""
en:piecemeal,piecemeal,piecemeal,en,0,1667621455291,""
en:aggrandizement,aggrandizement,aggrandizement,en,0,1668045909988,""
en:autarky,autarky,autarky,en,0,1668032461518,""
en:disenfranchise,disenfranchise,disenfranchise,en,0,1667677638936,""
en:alacrity,alacrity,alacrity,en,0,1668023676853,""
en:prowess,prowess,prowess,en,0,1667677493004,""
en:vaunted,vaunted,vaunt,en,0,1667621825072,""
en:drudgery,drudgery,drudgery,en,0,1668046051291,""
en:encroached,encroached,encroach,en,0,1667772077272,""
en:encroachment,encroachment,encroachment,en,0,1668023341192,""
en:serrated,serrated,serrated,en,0,1671119668496,""
en:scrimp,scrimp,scrimp,en,0,1671126230874,""
fr:serré,serré,serré,fr,0,1671145987879,""
fr:traînés,traînés,traîne,fr,0,1671145918513,""
en:flounced,flounced,flounce,en,0,1671286945690,""
en:shedding,shedding,shed,en,0,1671288090432,""
en:rafter,rafter,rafter,en,0,1671146332825,""
en:slugs,slugs,slug,en,0,1671291033618,""
en:peals,peals,peal,en,0,1671286872616,""
en:braggart,braggart,braggart,en,0,1671290633091,""
en:paunch,paunch,paunch,en,0,1671147203589,""
en:sequined,sequined,sequined,en,0,1671290901626,""
en:gauche,gauche,gauche,en,0,1671287461364,""
en:clover,clover,clover,en,0,1671291652277,""
en:steeped,steeped,steep,en,0,1671146397142,""
fr:enseignant,enseignant,enseignant,fr,0,1671297468826,""
fr:franchir,franchir,franchir,fr,0,1671371420910,""
fr:gencives,gencives,gencive,fr,0,1671371641041,""
fr:matheux,matheux,matheux,fr,0,1671371432705,""
fr:Souvent,Souvent,souvent,fr,0,1671371573725,""
fr:proviseur,proviseur,proviseur,fr,0,1671371457271,""
fr:chapelet,chapelet,chapelet,fr,0,1671371783127,""
fr:reçue,reçue,reçu,fr,0,1671371479497,""
fr:étrenné,étrenné,étrenner,fr,0,1671371701706,""
fr:sanglots,sanglots,sanglot,fr,0,1671371713849,""
fr:lèvres,lèvres,lèvre,fr,0,1671371659138,""
en:cap,cap,cap,en,0,1671373836983,""
en:apertures,apertures,aperture,en,0,1671373919107,""
en:loopholes,loopholes,loophole,en,0,1671373929330,""
en:wield,wield,wield,en,0,1675048230848,""
en:toiled,toiled,toile,en,0,1675047639396,""
en:micturition,micturition,micturition,en,0,1675047694071,""
en:jutting,jutting,jut,en,0,1675709058714,""
en:woodcuts,woodcuts,woodcut,en,0,1675730406599,""
en:ravished,ravished,ravish,en,0,1677372679554,""
en:ministrations,ministrations,ministration,en,0,1677244420531,""
en:sickly,sickly,sickly,en,0,1677246419664,""
en:gauze,gauze,gauze,en,0,1677246214271,""
en:aught,aught,aught,en,0,1677245130740,""
en:abashed,abashed,abash,en,0,1677378993615,""
en:draught,draught,draught,en,0,1677246253070,""
en:tarn,tarn,tarn,en,0,1677245878646,""
en:rushes,rushes,rush,en,0,1677244774671,""
en:revelry,revelry,revelry,en,0,1677372708303,""
en:stout,stout,stout,en,0,1677380519594,""
en:lopped,lopped,lop,en,0,1677378823373,""
en:brackish,brackish,brackish,en,0,1677245885537,""
en:moor,moor,moor,en,0,1677245892964,""
en:fanning,fanning,Fan,en,0,1677246566899,""
en:fray,fray,fray,en,0,1677378884509,""
en:plight,plight,plight,en,0,1677380273652,""
en:pyre,pyre,pyre,en,0,1677379287780,""
en:Bedlam,Bedlam,Bedlam,en,0,1679967214859,""
en:Woo,Woo,woo,en,0,1679911702457,""
en:floe,floe,floe,en,0,1680145135360,""
en:lace,lace,lace,en,0,1680145827356,""
en:bumpkin,bumpkin,bumpkin,en,0,1679950748914,""
en:unwavering,unwavering,unwavering,en,0,1680122784205,""
en:loft,loft,loft,en,0,1679880204182,""
en:fortuitous,fortuitous,fortuitous,en,0,1680224077379,""
en:grasses,grasses,Grass,en,0,1679954964576,""
en:pranced,pranced,prance,en,0,1679912788342,""
en:hackles,hackles,hackle,en,0,1679913121880,""
en:pat,pat,pat,en,0,1680118534311,""
en:gawk,gawk,gawk,en,0,1679881540519,""
en:blotted,blotted,blot,en,0,1680221957405,""
en:subsided,subsided,subside,en,0,1680123730830,""
en:slaughter,slaughter,slaughter,en,0,1679954817059,""
en:flagging,flagging,Flagg,en,0,1679961508241,""
en:hag,hag,hag,en,0,1679947640867,""
en:kook,kook,kook,en,0,1679952589220,""
en:grunt,grunt,grunt,en,0,1679969389017,""
en:whittle,whittle,whittle,en,0,1679963660403,""
en:Staggering,Staggering,stagger,en,0,1679947192192,""
en:warren,warren,warren,en,0,1679882058743,""
en:flummoxed,flummoxed,flummox,en,0,1679961414277,""
en:harrumphs,harrumphs,harrumph,en,0,1680192239577,""
en:lapsed,lapsed,lapse,en,0,1679961394493,""
en:slate,slate,slate,en,0,1679912745266,""
en:slumber,slumber,slumber,en,0,1679969423524,""
en:pelts,pelts,pelt,en,0,1680226561718,""
en:haunt,haunt,haunt,en,0,1680002453770,""
en:huffy,huffy,huffy,en,0,1679913092319,""
en:whipped,whipped,whipped,en,0,1679912114956,""
en:guffaw,guffaw,guffaw,en,0,1680226768942,""
en:riveted,riveted,rivet,en,0,1680123146914,""
en:hoots,hoots,hoot,en,0,1679950532212,""
en:groan,groan,groan,en,0,1679969394968,""
en:foundling,foundling,foundling,en,0,1679954512701,""
en:Maladroit,Maladroit,maladroit,en,0,1679913156841,""
en:pergolas,pergolas,pergola,en,0,1680144924751,""
en:haunches,haunches,haunch,en,0,1680115101839,""
en:tumbled,tumbled,tumble,en,0,1679881323279,""
en:balked,balked,balk,en,0,1680226880359,""
en:banter,banter,banter,en,0,1679947633069,""
en:pandering,pandering,pander,en,0,1679881675498,""
en:hubris,hubris,hubris,en,0,1679969163260,""
en:construe,construe,construe,en,0,1680252834804,""
en:hustled,hustled,hustle,en,0,1680288431336,""
en:awry,awry,awry,en,0,1680269927992,""
en:wallflower,wallflower,wallflower,en,0,1680251165494,""
en:zonked,zonked,zonked,en,0,1680360952601,""
en:bangle,bangle,bangle,en,0,1680251448628,""
en:holdover,holdover,holdover,en,0,1680296772382,""
en:chambray,chambray,chambray,en,0,1680836118760,""
en:decal,decal,decal,en,0,1680744809643,""
en:Schadenfreude,Schadenfreude,Schadenfreude,en,0,1680745690612,""
en:presumptuous,presumptuous,presumptuous,en,0,1680745182440,""
en:pronouncement,pronouncement,pronouncement,en,0,1680744932846,""
en:deviousness,deviousness,deviousness,en,0,1680745305099,""
en:clam,clam,clam,en,0,1680745725265,""
en:tattle,tattle,tattle,en,0,1680918663871,""
en:Scoot,Scoot,scoot,en,0,1680835998459,""
en:clink,clink,clink,en,0,1680836462342,""
en:exculpatory,exculpatory,exculpatory,en,0,1681467880141,""
en:fluff,fluff,fluff,en,0,1682559712138,""
en:petulantly,petulantly,petulantly,en,0,1683320915042,""
en:sentient,sentient,sentient,en,0,1683410995891,""
en:dastards,dastards,dastard,en,0,1683390964814,""
en:proclivities,proclivities,proclivity,en,0,1683327331953,""
en:brooked,brooked,Brooke,en,0,1683399307347,""
en:koan,koan,koan,en,0,1683391149528,""
en:hooted,hooted,hoot,en,0,1683319762580,""
en:callow,callow,callow,en,0,1683391531868,""
en:yelp,yelp,yelp,en,0,1683326627922,""
en:Like,Like,like,en,0,1683411008848,""
en:tittered,tittered,titter,en,0,1683390205756,""
en:Florida,Florida,Florida,en,0,1683410049254,""
en:Twit,Twit,twit,en,0,1683411915297,""
en:I'm,I'm,I'm,en,0,1683411655338,""
en:lackadaisical,lackadaisical,lackadaisical,en,0,1683390756491,""
en:scions,scions,scion,en,0,1683391258131,""
en:component,component,component,en,0,1683411824881,""
en:glint,glint,glint,en,0,1683319752893,""
en:scuttle,scuttle,scuttle,en,0,1683389896844,""
en:sodden,sodden,sodden,en,0,1683325788246,""
en:reedy,reedy,reedy,en,0,1683411723626,""
en:gruff,gruff,gruff,en,0,1683319923624,""
en:twinged,twinged,twinge,en,0,1683399011790,""
en:celerity,celerity,celerity,en,0,1683400490325,""
en:feckless,feckless,feckless,en,0,1683411816270,""
en:wending,wending,Wend,en,0,1683411609009,""
en:tutted,tutted,tut,en,0,1683410099994,""
en:aspersions,aspersions,aspersion,en,0,1683410794668,""
en:wanly,wanly,wanly,en,0,1683325798011,""
en:warily,warily,warily,en,0,1683390422543,""
en:quotient,quotient,quotient,en,0,1683411020742,""
en:chittered,chittered,chitter,en,0,1683319780164,""
en:snag,snag,snag,en,0,1683390341217,""
en:lest,lest,lest,en,0,1683410804922,""
en:nigh,nigh,nigh,en,0,1683483003235,""
en:tang,tang,tang,en,0,1683918991344,""
en:damper,damper,damper,en,0,1683576499803,""
en:gnarled,gnarled,gnarled,en,0,1683751349461,""
en:whooping,whooping,whoop,en,0,1683660195406,""
en:yattering,yattering,yatter,en,0,1683757880929,""
en:doddle,doddle,doddle,en,0,1683921714804,""
en:shimmying,shimmying,shimmy,en,0,1683660216482,""
en:trundled,trundled,trundle,en,0,1683745046801,""
en:glossy,glossy,glossy,en,0,1683483267194,""
en:gull,gull,gull,en,0,1683756608415,""
en:icky,icky,icky,en,0,1683757717196,""
en:jig,jig,jig,en,0,1683660405681,""
en:cranny,cranny,cranny,en,0,1683576600644,""
en:raggedy,raggedy,raggedy,en,0,1683663309787,""
en:suffused,suffused,suffuse,en,0,1683575692051,""
en:tetchy,tetchy,tetchy,en,0,1683575874623,""
en:duppy,duppy,duppy,en,0,1683757786262,""
en:rippling,rippling,ripple,en,0,1683941575462,""
en:preens,preens,preen,en,0,1683562778537,""
en:Drambuie,Drambuie,Drambuie,en,0,1683580115780,""
en:shaggy,shaggy,shaggy,en,0,1683923736810,""
en:blundered,blundered,blunder,en,0,1683941251217,""
en:grubs,grubs,grub,en,0,1683558542925,""
en:muster,muster,muster,en,0,1683576521763,""
en:pounce,pounce,pounce,en,0,1683651526633,""
en:scowled,scowled,scowl,en,0,1683651257781,""
en:Doozy,Doozy,doozy,en,0,1683997244347,""
en:cragged,cragged,crag,en,0,1683558062662,""
en:midges,midges,midge,en,0,1683558983800,""
en:swish,swish,swish,en,0,1683558347780,""
en:sniffed,sniffed,sniff,en,0,1683563015731,""
en:brawling,brawling,brawl,en,0,1683651282141,""
en:sauntered,sauntered,saunter,en,0,1683941960544,""
en:sniffle,sniffle,sniffle,en,0,1683753203908,""
en:ratchets,ratchets,ratchet,en,0,1683660779056,""
en:vixen,vixen,vixen,en,0,1683752761277,""
en:mauve,mauve,mauve,en,0,1683663103524,""
en:flailed,flailed,flail,en,0,1683576720703,""
en:loped,loped,lope,en,0,1683941219847,""
en:malarkey,malarkey,malarkey,en,0,1683940911010,""
en:SUPERFLUOUS,SUPERFLUOUS,superfluous,en,0,1683920068414,""
en:kneading,kneading,knead,en,0,1683575906369,""
en:joshing,joshing,josh,en,0,1683751797246,""
en:hitherto,hitherto,hitherto,en,0,1683919266694,""
en:mollified,mollified,mollify,en,0,1683576089947,""
en:nook,nook,nook,en,0,1683576610438,""
en:seminal,seminal,seminal,en,0,1684017157040,""
en:denizens,denizens,denizen,en,0,1684018904494,""
en:flails,flails,flail,en,0,1684018507281,""
en:shunned,shunned,shun,en,0,1684077221596,""
en:chug,chug,chug,en,0,1684176984900,""
en:cursory,cursory,cursory,en,0,1684627093721,""
en:purview,purview,purview,en,0,1684271335051,""
en:beeline,beeline,beeline,en,0,1684536353270,""
en:haggard,haggard,haggard,en,0,1685050962302,""
en:subsides,subsides,subside,en,0,1684184909501,""
en:vapid,vapid,vapid,en,0,1684099556820,""
en:bogey,bogey,bogey,en,0,1684621434425,""
en:quirky,quirky,quirky,en,0,1684265828376,""
en:recumbent,recumbent,recumbent,en,0,1685038379528,""
en:wicks,wicks,wick,en,0,1684194917954,""
en:its,its,its,en,0,1684528617297,""
en:commodity,commodity,commodity,en,0,1684099707385,""
en:stricken,stricken,stricken,en,0,1684187123018,""
en:motion,motion,motion,en,0,1684281193573,""
en:battery,battery,battery,en,0,1685229021634,""
en:din,din,din,en,0,1684184855684,""
en:coalesces,coalesces,coalesce,en,0,1684527881912,""
en:foreboding,foreboding,foreboding,en,0,1684530079033,""
en:grueling,grueling,grueling,en,0,1685050581975,""
en:bleachers,bleachers,bleacher,en,0,1685038544787,""
en:hustling,hustling,hustle,en,0,1684177160040,""
en:pelting,pelting,pelt,en,0,1684184897202,""
en:spout,spout,spout,en,0,1684281606814,""
en:wisps,wisps,wisp,en,0,1684628615209,""
en:swivels,swivels,swivel,en,0,1684529927762,""
en:tether,tether,tether,en,0,1684529603540,""
en:funk,funk,funk,en,0,1685229465254,""
en:hopped,hopped,hop,en,0,1686429762459,""
en:lam,lam,lam,en,0,1686173944501,""
en:gage,gage,gage,en,0,1686166742894,""
en:blotter,blotter,blotter,en,0,1686344662630,""
en:thrashed,thrashed,thrash,en,0,1686429169037,""
en:hemmed,hemmed,hem,en,0,1686428996642,""
en:nub,nub,nub,en,0,1686434231977,""
en:cur,cur,cur,en,0,1686166709547,""
en:burr,burr,burr,en,0,1686502144621,""
en:hominy,hominy,hominy,en,0,1686173864881,""
en:grated,grated,grate,en,0,1686428791427,""
en:okra,okra,okra,en,0,1686173855864,""
en:rustlers,rustlers,rustler,en,0,1686430414654,""
en:beneath,beneath,beneath,en,0,1686146069278,""
en:larceny,larceny,larceny,en,0,1686173906394,""
en:doggedly,doggedly,doggedly,en,0,1686431389025,""
en:lammed,lammed,lam,en,0,1686503645148,""
en:rook,rook,rook,en,0,1686346043580,""
en:reefer,reefer,reefer,en,0,1686166722335,""
en:rumpus,rumpus,rumpus,en,0,1686345202897,""
en:somersault,somersault,somersault,en,0,1686429102506,""
en:gunny,gunny,gunny,en,0,1686430804232,""
en:fingernails,fingernails,fingernail,en,0,1686349974206,""
en:mayhem,mayhem,mayhem,en,0,1686431503016,""
en:yaller,yaller,y'all,en,0,1686501588718,""
en:slushy,slushy,slushy,en,0,1686431669626,""
en:gaged,gaged,gage,en,0,1686508598127,""
en:husky,husky,husky,en,0,1686507348137,""
en:scabby,scabby,scabby,en,0,1686426414282,""
en:burro,burro,burro,en,0,1686426409586,""
en:rumble,rumble,rumble,en,0,1686429994663,""
en:rostrum,rostrum,rostrum,en,0,1686431795654,""
en:ratted,ratted,rat,en,0,1686508592390,""
en:molested,molested,molest,en,0,1686431718662,""
en:there,there,there,en,0,1686167425699,""
en:palsy,palsy,palsy,en,0,1686500951676,""
en:grappled,grappled,grapple,en,0,1686426560692,""
en:steer,steer,steer,en,0,1686434381425,""
en:trudged,trudged,trudge,en,0,1686431660370,""
en:hustlers,hustlers,hustler,en,0,1686345491983,""
en:scows,scows,scow,en,0,1686426176419,""
en:slunk,slunk,slunk,en,0,1686431524287,""
en:Sheared,Sheared,shear,en,0,1686508291813,""
en:no,no,no,en,0,1686500942739,""
en:scrunching,scrunching,scrunch,en,0,1686431682978,""
en:lurid,lurid,lurid,en,0,1686350234276,""
en:trestle,trestle,trestle,en,0,1686434283574,""
en:slinking,slinking,slink,en,0,1686431139994,""
en:scram,scram,scram,en,0,1686426752985,""
en:astride,astride,astride,en,0,1686430340104,""
en:kinky,kinky,kinky,en,0,1686430784134,""
en:jalopy,jalopy,jalopy,en,0,1686350554669,""
en:rapped,rapped,rap,en,0,1686426206115,""
en:motley,motley,motley,en,0,1686501405580,""
en:raving,raving,raving,en,0,1686508224149,""
en:sullenly,sullenly,sullenly,en,0,1686344228177,""
en:flunky,flunky,flunky,en,0,1686167430105,""
en:Wanner,Wanner,WAN,en,0,1687980998492,""
en:blipped,blipped,blip,en,0,1687130809575,""
en:quiescent,quiescent,quiescent,en,0,1687990469329,""
en:Saracens,Saracens,Saracen,en,0,1687306961066,""
en:daubed,daubed,daube,en,0,1687994548620,""
en:complacently,complacently,complacently,en,0,1687307034331,""
en:sultry,sultry,sultry,en,0,1687132287946,""
en:excelsior,excelsior,excelsior,en,0,1687826721294,""
en:bashful,bashful,bashful,en,0,1687126160716,""
en:hock,hock,hock,en,0,1687125569594,""
en:truculence,truculence,truculence,en,0,1687132165194,""
en:gaudier,gaudier,gaudy,en,0,1687305965429,""
en:crummy,crummy,crummy,en,0,1687717753412,""
en:lewd,lewd,lewd,en,0,1687990509056,""
en:sulked,sulked,sulk,en,0,1687994648274,""
en:belched,belched,belch,en,0,1687132050959,""
en:guffawed,guffawed,guffaw,en,0,1686673542981,""
en:gooseberry,gooseberry,gooseberry,en,0,1687306009784,""
en:slugging,slugging,slug,en,0,1687132382274,""
en:chump,chump,chump,en,0,1687997504171,""
en:sleek,sleek,sleek,en,0,1687307021379,""
en:swart,swart,swart,en,0,1687733606751,""
en:eyetooth,eyetooth,eyetooth,en,0,1686693171931,""
en:dippy,dippy,dippy,en,0,1687717775549,""
en:welshed,welshed,Welsh,en,0,1687717892450,""
en:louse,louse,louse,en,0,1687123443351,""
en:cagey,cagey,cagey,en,0,1687212803976,""
en:salient,salient,salient,en,0,1687717536598,""
en:throttling,throttling,throttle,en,0,1687130639960,""
en:maced,maced,Mace,en,0,1687309395188,""
en:sleekness,sleekness,sleekness,en,0,1687990887036,""
en:contritely,contritely,contritely,en,0,1687124675978,""
en:ruddiness,ruddiness,ruddiness,en,0,1687392980727,""
en:kindred,kindred,kindred,en,0,1687717692071,""
en:peddling,peddling,peddle,en,0,1687127501681,""
en:And,And,and,en,0,1687212799760,""
en:desultory,desultory,desultory,en,0,1687994677490,""
en:sullen,sullen,sullen,en,0,1687943962055,""
en:chafe,chafe,chafe,en,0,1687993338086,""
en:bawling,bawling,bawl,en,0,1688513257200,""
en:slants,slants,slant,en,0,1688649270582,""
en:flourished,flourished,flourish,en,0,1688649281228,""
en:genial,genial,genial,en,0,1688649489668,""
en:hustler,hustler,hustler,en,0,1688649297892,""
en:hussy,hussy,hussy,en,0,1688513267080,""
en:rowdy,rowdy,rowdy,en,0,1688513504768,""
en:huskier,huskier,huskie,en,0,1688513400727,""
en:lode,lode,lode,en,0,1688513466315,""
en:copper,copper,copper,en,0,1688774482906,""
en:chinch,chinch,chinch,en,0,1688844840876,""
en:stolidly,stolidly,stolidly,en,0,1688857751434,""
en:gall,gall,gall,en,0,1688690156118,""
en:giddily,giddily,giddily,en,0,1688859833002,""
en:bellyaching,bellyaching,bellyache,en,0,1688845023418,""
en:slug,slug,slug,en,0,1688859540787,""
en:wow,wow,wow,en,0,1688844926731,""
en:cop,cop,cop,en,0,1688844529110,""
en:roughhouse,roughhouse,roughhouse,en,0,1688857616357,""
en:guzzled,guzzled,guzzle,en,0,1688689881794,""
en:mutt,mutt,mutt,en,0,1688860188347,""
en:cooing,cooing,coo,en,0,1688822782150,""
en:blackjack,blackjack,blackjack,en,0,1688690491059,""
en:speakeasies,speakeasies,speakeasy,en,0,1688773852468,""
en:gladstone,gladstone,Gladstone,en,0,1688844621536,""
en:loafing,loafing,loaf,en,0,1688773873765,""
en:duffer,duffer,duffer,en,0,1688844382781,""
en:marcelled,marcelled,marcel,en,0,1688774438550,""
en:consumptive,consumptive,consumptive,en,0,1688822796955,""
en:manhandled,manhandled,manhandle,en,0,1688845010867,""
en:mosey,mosey,mosey,en,0,1688690881721,""
en:jabbered,jabbered,jabber,en,0,1688826862093,""
en:roadhouse,roadhouse,roadhouse,en,0,1688842320009,""
en:OF,OF,OF,en,0,1688852505912,""
en:dwindling,dwindling,dwindle,en,0,1688844242691,""
en:cockeyed,cockeyed,cockeyed,en,0,1688844823056,""
en:toting,toting,tot,en,0,1688690701824,""
en:blustering,blustering,bluster,en,0,1688690250212,""
en:rummy,rummy,rummy,en,0,1688922269303,""
en:tramp,tramp,tramp,en,0,1688839739839,""
en:juggled,juggled,juggle,en,0,1688859184991,""
en:woozy,woozy,woozy,en,0,1688916652259,""
en:leery,leery,leery,en,0,1688839843933,""
en:petering,petering,Peter,en,0,1688859435870,""
en:cuspidor,cuspidor,cuspidor,en,0,1688827216227,""
en:gluttony,gluttony,gluttony,en,0,1688844695768,""
en:ghastly,ghastly,ghastly,en,0,1688858940566,""
en:floundered,floundered,flounder,en,0,1688859786281,""
en:squawk,squawk,squawk,en,0,1688858454186,""
en:huskily,huskily,huskily,en,0,1688774510275,""
en:stolidity,stolidity,stolidity,en,0,1688858396857,""
en:racket,racket,racket,en,0,1688859077817,""
en:caper,caper,caper,en,0,1688925308155,""
en:leary,leary,Leary,en,0,1689021570454,""
en:blooey,blooey,blooey,en,0,1688946259644,""
en:bunk,bunk,bunk,en,0,1688926453207,""
en:flunkey,flunkey,flunkey,en,0,1688945484334,""
en:exhort,exhort,exhort,en,0,1689036258796,""
en:Wherefore,Wherefore,wherefore,en,0,1689032584739,""
en:behold,behold,behold,en,0,1689035737550,""
en:goodly,goodly,goodly,en,0,1689031503598,""
en:tarry,tarry,tarry,en,0,1689033122445,""
en:iniquity,iniquity,iniquity,en,0,1689030388836,""
en:smite,smite,smite,en,0,1689032198481,""
en:hearkened,hearkened,hearken,en,0,1689032726301,""
en:placid,placid,placid,en,0,1690122167118,""
en:croaker,croaker,croaker,en,0,1691678925218,""
en:Pounding,Pounding,pounding,en,0,1691674918237,""
en:thwarted,thwarted,thwart,en,0,1691533907048,""
en:hiding,hiding,hiding,en,0,1689296911312,""
en:cloven,cloven,cloven,en,0,1691679429688,""
en:florid,florid,florid,en,0,1691672368432,""
en:rattler,rattler,rattler,en,0,1691678576198,""
en:plodded,plodded,plod,en,0,1691674003797,""
en:recess,recess,recess,en,0,1691620225803,""
en:Cove,Cove,cove,en,0,1691680354173,""
en:gratuitously,gratuitously,gratuitously,en,0,1691534165581,""
en:peddle,peddle,peddle,en,0,1691534095982,""
en:had,had,had,en,0,1691624129289,""
en:weaning,weaning,wean,en,0,1691680276090,""
en:Bunk,Bunk,bunk,en,0,1691622446218,""
en:satisfying,satisfying,satisfying,en,0,1689296921358,""
en:room,room,room,en,0,1690122918707,""
en:bungle,bungle,bungle,en,0,1691680049244,""
en:scrawny,scrawny,scrawny,en,0,1689297923328,""
en:grift,grift,grift,en,0,1690133326329,""
en:flimflamming,flimflamming,flimflam,en,0,1691624133578,""
en:smolder,smolder,smolder,en,0,1691530445339,""
en:wangle,wangle,wangle,en,0,1691679602525,""
en:tinged,tinged,tinge,en,0,1689279992509,""
en:sorrel,sorrel,sorrel,en,0,1689296307719,""
en:hoops,hoops,hoop,en,0,1691679216838,""
en:gimcrackery,gimcrackery,gimcrackery,en,0,1690133554607,""
en:mongrels,mongrels,mongrel,en,0,1691629624660,""
en:offhand,offhand,offhand,en,0,1690134929494,""
en:tartar,tartar,tartar,en,0,1690119467749,""
en:wagged,wagged,wag,en,0,1691679288873,""
en:dinge,dinge,ding,en,0,1690135014406,""
en:jiggled,jiggled,jiggle,en,0,1691674875221,""
en:wiggling,wiggling,wiggle,en,0,1691629050969,""
en:roadster,roadster,roadster,en,0,1690135217808,""
en:lanky,lanky,lanky,en,0,1691672053041,""
en:conceited,conceited,conceited,en,0,1691680147254,""
en:stolid,stolid,stolid,en,0,1689296181906,""
en:ragged,ragged,ragged,en,0,1691534261706,""
en:wriggled,wriggled,wriggle,en,0,1691676064494,""
en:fastidious,fastidious,fastidious,en,0,1691530382589,""
en:writhing,writhing,writhe,en,0,1691620420681,""
en:charwomen,charwomen,charwoman,en,0,1697146668065,""
en:lag,lag,lag,en,0,1697148046119,""
en:alcove,alcove,alcove,en,0,1697146880231,""
en:aid,aid,aid,en,0,1697143425855,""
en:drab,drab,drab,en,0,1698496386259,""
en:wayward,wayward,wayward,en,0,1697141264475,""
en:cockups,cockups,cock-up,en,0,1698505918018,""
en:chichi,chichi,chichi,en,0,1698505860966,""
en:breeze,breeze,breeze,en,0,1697141450427,""
en:pill,pill,pill,en,0,1698502094960,""
en:scampering,scampering,scamper,en,0,1698496453119,""
en:waspish,waspish,waspish,en,0,1698377302230,""
en:curios,curios,curio,en,0,1698377048532,""
en:Publicans,Publicans,publican,en,0,1697146674731,""
en:snatches,snatches,snatch,en,0,1698496424133,""
en:strands,strands,strand,en,0,1698506933816,""
en:endowment,endowment,endowment,en,0,1697146728497,""
en:tinsel,tinsel,tinsel,en,0,1698496472051,""
en:parched,parched,parched,en,0,1698502101401,""
en:seedy,seedy,seedy,en,0,1697146204685,""
en:stroke,stroke,stroke,en,0,1698502773269,""
en:petulant,petulant,petulant,en,0,1697228123428,""
en:devilling,devilling,devil,en,0,1698112253989,""
en:rusks,rusks,Rusk,en,0,1697147480067,""
en:incongruous,incongruous,incongruous,en,0,1698499082688,""
en:cardigan,cardigan,cardigan,en,0,1697143483431,""
en:jostling,jostling,jostle,en,0,1697148252973,""
en:crags,crags,crag,en,0,1698506917002,""
en:connivance,connivance,connivance,en,0,1697141625807,""
en:hoe,hoe,hoe,en,0,1697148316000,""
en:tortuous,tortuous,tortuous,en,0,1698505731400,""
en:hapless,hapless,hapless,en,0,1697141666010,""
en:ginger,ginger,ginger,en,0,1698499183140,""
en:bray,bray,bray,en,0,1697143447758,""
en:pontificated,pontificated,pontificate,en,0,1697143356717,""
en:becalmed,becalmed,becalm,en,0,1698501978508,""
en:bleating,bleating,bleat,en,0,1698604659729,""
en:aerial,aerial,aerial,en,0,1698607572603,""
en:sophistry,sophistry,sophistry,en,0,1698516947049,""
en:cussed,cussed,cussed,en,0,1698608109152,""
en:scowl,scowl,scowl,en,0,1698607351362,""
en:disown,disown,disown,en,0,1698608215593,""
en:expenditure,expenditure,expenditure,en,0,1698517516735,""
en:dawdled,dawdled,dawdle,en,0,1698608329671,""
en:squalid,squalid,squalid,en,0,1698518189468,""
en:complacent,complacent,complacent,en,0,1698607492231,""
en:tousled,tousled,tousle,en,0,1698608055884,""
en:tinkle,tinkle,tinkle,en,0,1698588842223,""
en:doffing,doffing,doff,en,0,1698516698875,""
en:hurtling,hurtling,hurtle,en,0,1698608031720,""
en:homily,homily,homily,en,0,1698609600741,""
en:beady,beady,beady,en,0,1698608521855,""
en:testy,testy,testy,en,0,1698608122415,""
en:beeches,beeches,beech,en,0,1698609638552,""
en:expedient,expedient,expedient,en,0,1698623232023,""
en:pelmanism,pelmanism,Pelmanism,en,0,1698606828567,""
en:despondently,despondently,despondently,en,0,1698518902362,""
en:Peculation,Peculation,peculation,en,0,1698518117270,""
en:donnish,donnish,donnish,en,0,1698517424985,""
en:spindly,spindly,spindly,en,0,1698594473778,""
en:lithe,lithe,lithe,en,0,1698608469182,""
en:slanted,slanted,slant,en,0,1698588535677,""
en:dingy,dingy,dingy,en,0,1698594875521,""
en:pansy,pansy,pansy,en,0,1698588189008,""
en:ungainly,ungainly,ungainly,en,0,1698518582027,""
en:conceits,conceits,conceit,en,0,1698517420067,""
en:protracted,protracted,protracted,en,0,1698517917522,""
en:blandishment,blandishment,blandishment,en,0,1698594774802,""
en:superannuation,superannuation,superannuation,en,0,1698596134699,""
en:lore,lore,lore,en,0,1698587359933,""
en:crabbed,crabbed,crabbed,en,0,1698545122849,""
en:barouche,barouche,barouche,en,0,1698594258576,""
en:jaunty,jaunty,jaunty,en,0,1698595119705,""
en:umbrage,umbrage,umbrage,en,0,1698518821158,""
en:sniggered,sniggered,snigger,en,0,1698625345573,""
en:canvassing,canvassing,canvass,en,0,1698690617579,""
en:shoddy,shoddy,shoddy,en,0,1698690895405,""
en:iniquities,iniquities,iniquity,en,0,1698624783310,""
en:perfunctory,perfunctory,perfunctory,en,0,1698690996528,""
en:demurely,demurely,demurely,en,0,1703532630847,""
en:wisecracks,wisecracks,wisecrack,en,0,1703531141357,""
en:clasped,clasped,clasp,en,0,1703673825800,""
en:dolled,dolled,doll,en,0,1703676991789,""
en:snatch,snatch,snatch,en,0,1703679051262,""
en:dankness,dankness,dankness,en,0,1703687528932,""
en:concertina,concertina,concertina,en,0,1703563870178,""
en:buff,buff,buff,en,0,1703678518373,""
en:wart,wart,wart,en,0,1703531117054,""
en:drag,drag,drag,en,0,1703676912702,""
en:repeal,repeal,repeal,en,0,1703673911734,""
en:opened,opened,open,en,0,1703678934569,""
en:spruce,spruce,spruce,en,0,1703533417681,""
en:davenport,davenport,davenport,en,0,1703531457706,""
en:croupier,croupier,croupier,en,0,1703674024059,""
en:pup,pup,pup,en,0,1703466471244,""
en:carfare,carfare,carfare,en,0,1703673848797,""
en:tipped,tipped,tip,en,0,1703197906301,""
en:gag,gag,gag,en,0,1703482830291,""
en:shamus,shamus,shamus,en,0,1703519042625,""
en:grafters,grafters,grafter,en,0,1703674003643,""
en:shill,shill,shill,en,0,1703466463338,""
en:whittling,whittling,Whittle,en,0,1703687885487,""
en:disused,disused,disused,en,0,1703676902483,""
en:hooch,hooch,hooch,en,0,1703678160475,""
en:compulsory,compulsory,compulsory,en,0,1703674964128,""
en:zoomed,zoomed,zoom,en,0,1703679161842,""
en:wrangle,wrangle,wrangle,en,0,1703674597857,""
en:bawdy,bawdy,bawdy,en,0,1703673584613,""
en:deadpan,deadpan,deadpan,en,0,1703531358463,""
en:haymaker,haymaker,haymaker,en,0,1703473123259,""
en:sap,sap,sap,en,0,1703675121252,""
en:banked,banked,bank,en,0,1703679176030,""
en:threshed,threshed,thresh,en,0,1703678938045,""
en:haywire,haywire,haywire,en,0,1703730009800,""
en:hooey,hooey,hooey,en,0,1703729564458,""
en:dappled,dappled,dapple,en,0,1703729733198,""
en:wren,wren,wren,en,0,1703731027776,""
en:shyster,shyster,shyster,en,0,1703730245989,""
en:graft,graft,graft,en,0,1703688568651,""
en:pinks,pinks,pink,en,0,1703729047545,""
en:swerved,swerved,swerve,en,0,1703688098963,""
en:collodion,collodion,collodion,en,0,1703717154975,""
en:cutaway,cutaway,cutaway,en,0,1703717188128,""
en:jostled,jostled,jostle,en,0,1703688090554,""
en:spur,spur,spur,en,0,1703728901283,""
en:souse,souse,souse,en,0,1703789580758,""
en:hack,hack,hack,en,0,1703688638618,""
en:screwy,screwy,screwy,en,0,1703860638413,""
en:bilious,bilious,bilious,en,0,1703892567823,""
en:disclaimed,disclaimed,disclaim,en,0,1703884057258,""
en:glowing,glowing,glowing,en,0,1703950972504,""
en:snottiness,snottiness,snottiness,en,0,1703950008939,""
en:spry,spry,spry,en,0,1703905257899,""
en:gangling,gangling,gangling,en,0,1703904069331,""
en:badger,badger,badger,en,0,1703906088218,""
en:tot,tot,tot,en,0,1703904039701,""
en:squawking,squawking,squawk,en,0,1704039417272,""
en:pouted,pouted,pout,en,0,1703891563512,""
en:mopery,mopery,mopery,en,0,1703905098466,""
en:mugg,mugg,mugger,en,0,1703893031633,""
en:tickled,tickled,tickle,en,0,1703892402905,""
en:batty,batty,batty,en,0,1703884025933,""
en:sulkily,sulkily,sulkily,en,0,1703892657854,""
en:dope,dope,dope,en,0,1703891254261,""
en:goof,goof,goof,en,0,1703949771277,""
en:peevish,peevish,peevish,en,0,1703892934060,""
en:cinch,cinch,cinch,en,0,1703949758612,""
en:speakeasy,speakeasy,speakeasy,en,0,1703903762793,""
en:swell,swell,swell,en,0,1704146710116,""
en:quirk,quirk,quirk,en,0,1704170349777,""
en:slinked,slinked,slink,en,0,1704169947209,""
en:screwball,screwball,screwball,en,0,1704170366276,""
en:insurable,insurable,insurable,en,0,1704169957365,""
en:tautly,tautly,tautly,en,0,1704547839513,""
en:assent,assent,assent,en,0,1704549801297,""
en:dove,dove,dove,en,0,1704549485160,""
en:descried,descried,descry,en,0,1704549421737,""
en:rasped,rasped,rasp,en,0,1704548377983,""
en:girders,girders,girder,en,0,1704547658609,""
en:pinwheels,pinwheels,pinwheel,en,0,1704549152110,""
en:abreast,abreast,abreast,en,0,1704549455087,""
en:toiling,toiling,toil,en,0,1704549357447,""
en:clinch,clinch,clinch,en,0,1704548336586,""
en:fastened,fastened,fasten,en,0,1704547893171,""
en:floodlighted,floodlighted,floodlight,en,0,1704548062658,""
en:onset,onset,onset,en,0,1704548216814,""
en:circumspection,circumspection,circumspection,en,0,1704673799928,""
en:scrimmage,scrimmage,scrimmage,en,0,1704673365558,""
en:expiatory,expiatory,expiatory,en,0,1704673496699,""
en:holly,holly,holly,en,0,1704673532532,""
en:grove,grove,grove,en,0,1704673540070,""
en:finning,finning,Finn,en,0,1705181218754,""
en:creel,creel,creel,en,0,1705181929251,""
en:riffle,riffle,riffle,en,0,1705181177150,""
en:gleaming,gleaming,gleam,en,0,1706396158228,""
en:cooped,cooped,coop,en,0,1705187999418,""
en:lonesome,lonesome,lonesome,en,0,1705183891409,""
en:fibbing,fibbing,fib,en,0,1705183286246,""
en:saucer,saucer,saucer,en,0,1705187897946,""
en:punk,punk,punk,en,0,1706400051942,""
en:clotted,clotted,clot,en,0,1706398951696,""
en:snarl,snarl,snarl,en,0,1706399132829,""
en:was,was,was,en,0,1706404663554,""
en:bawl,bawl,bawl,en,0,1706398999147,""
en:slob,slob,slob,en,0,1706400646297,""
en:chortled,chortled,chortle,en,0,1706398677788,""
en:scalloped,scalloped,scallop,en,0,1706399779230,""
en:troughs,troughs,trough,en,0,1706399257887,""
en:highball,highball,highball,en,0,1706400369585,""
en:ruddy,ruddy,ruddy,en,0,1706405047856,""
en:bleak,bleak,bleak,en,0,1708311280412,""
en:wizened,wizened,wizened,en,0,1708283641403,""
en:strenuously,strenuously,strenuously,en,0,1708266703194,""
en:horrid,horrid,horrid,en,0,1706647574121,""
en:soporific,soporific,soporific,en,0,1706621575011,""
en:brine,brine,brine,en,0,1708284115221,""
en:jocularity,jocularity,jocularity,en,0,1708289477241,""
en:spigots,spigots,spigot,en,0,1708265601498,""
en:heady,heady,heady,en,0,1708283833503,""
en:husbanded,husbanded,husband,en,0,1708265150689,""
en:rind,rind,rind,en,0,1708265038845,""
en:unsavory,unsavory,unsavory,en,0,1708402493633,""
en:gibbets,gibbets,gibbet,en,0,1708311614177,""
en:Briars,Briars,briar,en,0,1706622165410,""
en:carillon,carillon,carillon,en,0,1708289200362,""
en:pungent,pungent,pungent,en,0,1706621584993,""
en:reminisce,reminisce,reminisce,en,0,1706622369554,""
en:soliloquy,soliloquy,soliloquy,en,0,1706621689628,""
en:dismal,dismal,dismal,en,0,1708265416980,""
en:obsequious,obsequious,obsequious,en,0,1708402601172,""
en:dogged,dogged,dogged,en,0,1708915345990,""
en:imbued,imbued,imbue,en,0,1708896319429,""
en:fleece,fleece,fleece,en,0,1709125410654,""
en:repose,repose,repose,en,0,1708899240758,""
en:balky,balky,balky,en,0,1708896452002,""
en:bludgeoning,bludgeoning,bludgeon,en,0,1708946095786,""
en:windward,windward,windward,en,0,1709124574278,""
en:hatrack,hatrack,hatrack,en,0,1708945467706,""
en:lewdness,lewdness,lewdness,en,0,1708947375782,""
en:malingering,malingering,malinger,en,0,1708896442636,""
en:routed,routed,route,en,0,1708946125210,""
en:comely,comely,comely,en,0,1708898988360,""
en:scalding,scalding,scalding,en,0,1708896960987,""
en:decree,decree,decree,en,0,1708946439572,""
en:homely,homely,homely,en,0,1708946055295,""
en:importunate,importunate,importunate,en,0,1709122661752,""
en:hostess,hostess,hostess,en,0,1708945477038,""
en:diffidence,diffidence,diffidence,en,0,1708945304838,""
en:perambulator,perambulator,perambulator,en,0,1708946863744,""
en:gregarious,gregarious,gregarious,en,0,1708896828673,""
en:fatuity,fatuity,fatuity,en,0,1708898891008,""
en:leers,leers,leer,en,0,1708946504701,""
en:furloughs,furloughs,furlough,en,0,1708944998520,""
en:contrite,contrite,contrite,en,0,1709125022910,""
en:welts,welts,welt,en,0,1708915424255,""
en:overbearing,overbearing,overbearing,en,0,1709122657073,""
en:astringency,astringency,astringency,en,0,1708899006766,""
en:bandy,bandy,bandy,en,0,1709124758848,""
en:firmament,firmament,firmament,en,0,1708915515884,""
en:straits,straits,straits,en,0,1708945650583,""
en:distempers,distempers,distemper,en,0,1709124901107,""
en:plaint,plaint,plaint,en,0,1709261952936,""
en:petulance,petulance,petulance,en,0,1709261626869,""
en:ascot,ascot,ascot,en,0,1709212704706,""
en:garishly,garishly,garishly,en,0,1709877229849,""
en:harried,harried,harry,en,0,1709877217199,""
en:forlorn,forlorn,forlorn,en,0,1709640426947,""
en:pugnacious,pugnacious,pugnacious,en,0,1709642901275,""
en:hamper,hamper,hamper,en,0,1709876979130,""
en:insuperable,insuperable,insuperable,en,0,1709642608568,""
en:jonquils,jonquils,jonquil,en,0,1709640360495,""
en:waywardness,waywardness,waywardness,en,0,1709877346498,""
en:anecdote,anecdote,anecdote,en,0,1709640604324,""
en:fatuous,fatuous,fatuous,en,0,1709939332270,""
en:vestry,vestry,vestry,en,0,1710590678817,""
en:bluebeards,bluebeards,Bluebeard,en,0,1709938359375,""
en:crapshooter,crapshooter,crapshooter,en,0,1709941059719,""
en:tacked,tacked,tack,en,0,1709988565957,""
en:arbor,arbor,arbor,en,0,1709941831262,""
en:cupidity,cupidity,cupidity,en,0,1709988342062,""
en:bolt,bolt,bolt,en,0,1710591062121,""
en:slumped,slumped,slump,en,0,1709939358796,""
en:inured,inured,inure,en,0,1709933467243,""
en:legacy,legacy,legacy,en,0,1709989568077,""
en:hassock,hassock,hassock,en,0,1709942155998,""
en:surreptitiously,surreptitiously,surreptitiously,en,0,1709989342066,""
en:rustle,rustle,rustle,en,0,1709938774290,""
en:saffron,saffron,saffron,en,0,1709933906312,""
en:magpies,magpies,magpie,en,0,1709934443576,""
en:heartening,heartening,hearten,en,0,1710590765924,""
en:GULCH,GULCH,gulch,en,0,1709941818551,""
en:contentious,contentious,contentious,en,0,1711330933664,""
en:diverting,diverting,divert,en,0,1711681394444,""
en:Slovenly,Slovenly,slovenly,en,0,1711680202325,""
en:gopher,gopher,gopher,en,0,1711910768055,""
en:nimble,nimble,nimble,en,0,1711918680052,""
en:alderman,alderman,alderman,en,0,1711909582511,""
en:groove,groove,groove,en,0,1711910276777,""
en:mumps,mumps,mumps,en,0,1711909591581,""
en:teetering,teetering,teeter,en,0,1711909417466,""
en:gaudy,gaudy,gaudy,en,0,1711903369116,""
en:sheerest,sheerest,sheer,en,0,1711905152609,""
en:swathed,swathed,swathe,en,0,1711903777867,""
en:cloying,cloying,cloy,en,0,1711903076863,""
en:frontage,frontage,frontage,en,0,1711909308192,""
en:pall,pall,pall,en,0,1711903409450,""
en:gusher,gusher,gusher,en,0,1711905244947,""
en:doodads,doodads,doodad,en,0,1711905106157,""
en:smut,smut,smut,en,0,1711910066419,""
en:wean,wean,wean,en,0,1711889990823,""
en:chantering,chantering,chanter,en,0,1714299786559,""
en:seventeen,seventeen,seventeen,en,0,1714232800998,""
en:gushed,gushed,gush,en,0,1713911694778,""
en:mouldering,mouldering,moulder,en,0,1714232721327,""
en:nipping,nipping,Nip,en,0,1714299859065,""
en:cajoled,cajoled,cajole,en,0,1714232134685,""
en:gimlet,gimlet,gimlet,en,0,1714308022730,""
en:shiner,shiner,shiner,en,0,1714270752760,""
en:spinnaker,spinnaker,spinnaker,en,0,1714306880005,""
en:Glints,Glints,glint,en,0,1713923984582,""
en:chided,chided,chide,en,0,1713910406315,""
en:hilt,hilt,hilt,en,0,1714308399422,""
en:kerb,kerb,kerb,en,0,1713911794167,""
en:bout,bout,bout,en,0,1713924057881,""
en:Denizens,Denizens,denizen,en,0,1714230838217,""
en:flourish,flourish,flourish,en,0,1713954128178,""
en:abstemious,abstemious,abstemious,en,0,1714260845481,""
en:Buggered,Buggered,bugger,en,0,1714307016486,""
en:locum,locum,locum,en,0,1713911272656,""
en:slurred,slurred,slur,en,0,1714230507881,""
en:ghoul,ghoul,ghoul,en,0,1714227995769,""
en:mufti,mufti,mufti,en,0,1714307549023,""
en:nippy,nippy,nippy,en,0,1714232804205,""
en:trawl,trawl,trawl,en,0,1713911782354,""
en:knacker,knacker,knacker,en,0,1714306997596,""
en:remonstrations,remonstrations,remonstration,en,0,1713952765404,""
en:flicked,flicked,flick,en,0,1713954846270,""
en:slack,slack,slack,en,0,1714232281593,""
en:trite,trite,trite,en,0,1714232022528,""
en:hoisting,hoisting,hoist,en,0,1714306893294,""
en:scudding,scudding,scud,en,0,1713954923688,""
en:nipped,nipped,Nip,en,0,1714307099635,""
en:glib,glib,glib,en,0,1713909979505,""
en:ghouls,ghouls,ghoul,en,0,1713954501774,""
en:and,and,and,en,0,1713909973334,""
en:grubby,grubby,grubby,en,0,1714306826460,""
en:fledgling,fledgling,fledgling,en,0,1714307221903,""
en:whittled,whittled,Whittle,en,0,1714338711628,""
en:cajoling,cajoling,cajole,en,0,1714339634463,""
en:posy,posy,posy,en,0,1714338452524,""
en:nip,nip,nip,en,0,1714338519114,""
en:skedaddle,skedaddle,skedaddle,en,0,1714335757925,""
en:runt,runt,runt,en,0,1714325715909,""
en:wagging,wagging,wag,en,0,1714335963335,""
en:flinched,flinched,flinch,en,0,1714325378636,""
en:bemused,bemused,bemuse,en,0,1714340910694,""
en:attrition,attrition,attrition,en,0,1714325605384,""
en:sheathed,sheathed,sheathe,en,0,1714324358406,""
en:homburg,homburg,homburg,en,0,1714325675516,""
en:baleful,baleful,baleful,en,0,1714339206299,""
en:fluttering,fluttering,flutter,en,0,1714340708497,""
en:hoover,hoover,Hoover,en,0,1714338946667,""
en:voluble,voluble,voluble,en,0,1714339449730,""
en:punters,punters,punter,en,0,1714682306400,""
en:trad,trad,trad,en,0,1714669710614,""
en:congregate,congregate,congregate,en,0,1714556874999,""
en:spluttered,spluttered,splutter,en,0,1714557135990,""
en:trawling,trawling,trawl,en,0,1714348456185,""
en:smug,smug,smug,en,0,1714738772654,""
en:glam,glam,glam,en,0,1714557062550,""
en:gyp,gyp,gyp,en,0,1714344021278,""
en:heft,heft,heft,en,0,1714670572634,""
en:gaudily,gaudily,gaudily,en,0,1714574992096,""
en:plod,plod,plod,en,0,1714668970276,""
en:dabble,dabble,dabble,en,0,1714556665298,""
en:smothering,smothering,smother,en,0,1714590964971,""
en:balm,balm,balm,en,0,1714761952634,""
en:glowering,glowering,glowering,en,0,1714699844295,""
en:hatchet,hatchet,hatchet,en,0,1714644308620,""
en:cachet,cachet,cachet,en,0,1714682416544,""
en:faze,faze,faze,en,0,1714701604759,""
en:Sanctimonious,Sanctimonious,sanctimonious,en,0,1714344262998,""
en:trough,trough,trough,en,0,1714343959068,""
en:wryest,wryest,wry,en,0,1714672317917,""
en:heirlooms,heirlooms,heirloom,en,0,1714787169920,""
en:superannuated,superannuated,superannuate,en,0,1714699482051,""
en:Stomp,Stomp,stomp,en,0,1714668980929,""
en:glare,glare,glare,en,0,1714643986990,""
en:tinker,tinker,tinker,en,0,1714682263372,""
en:sneers,sneers,sneer,en,0,1714557111866,""
en:prone,prone,prone,en,0,1714669777252,""
en:panto,panto,panto,en,0,1714761346903,""
en:louche,louche,louche,en,0,1714556900369,""
en:croaked,croaked,croak,en,0,1714775939893,""
en:mongrel,mongrel,mongrel,en,0,1714682407761,""
en:slouches,slouches,slouch,en,0,1714557096417,""
en:jaunts,jaunts,jaunt,en,0,1714644460065,""
en:oaths,oaths,oath,en,0,1714397141756,""
en:sussed,sussed,suss,en,0,1714761753987,""
en:prickling,prickling,prickle,en,0,1714574563833,""
en:moping,moping,mop,en,0,1714671516865,""
en:glowered,glowered,glower,en,0,1714764482585,""
en:stunted,stunted,stunt,en,0,1714739920002,""
en:blustery,blustery,blustery,en,0,1714612745746,""
en:Kneejerk,Kneejerk,knee-jerk,en,0,1714668764264,""
en:sneered,sneered,sneer,en,0,1714775970024,""
en:buffeting,buffeting,buffeting,en,0,1714670900092,""
en:scrimped,scrimped,scrimp,en,0,1714590228772,""
en:mottling,mottling,mottle,en,0,1714644622346,""
en:trotted,trotted,trot,en,0,1714344170807,""
en:snarling,snarling,snarl,en,0,1714776158809,""
en:snaring,snaring,snare,en,0,1714761454648,""
en:Smothered,Smothered,smother,en,0,1714669474234,""
en:striped,striped,striped,en,0,1714672757346,""
en:swatted,swatted,swat,en,0,1714775308703,""
en:shimmied,shimmied,shimmy,en,0,1714672260905,""
en:adjourning,adjourning,adjourn,en,0,1714776325186,""
en:pernicious,pernicious,pernicious,en,0,1714764038794,""
en:thunk,thunk,thunk,en,0,1714668959850,""
en:frighteners,frighteners,frightener,en,0,1714783480622,""
en:tatters,tatters,tatters,en,0,1714776148580,""
en:jarring,jarring,jar,en,0,1714349717107,""
en:expanse,expanse,expanse,en,0,1714524116043,""
en:onerous,onerous,onerous,en,0,1714358087281,""
en:remonstrating,remonstrating,remonstrate,en,0,1714644033722,""
en:fraught,fraught,fraught,en,0,1714701407653,""
en:formica,formica,Formica,en,0,1714344318499,""
en:faltered,faltered,falter,en,0,1714397058163,""
en:bauble,bauble,bauble,en,0,1714761313195,""
en:slogging,slogging,slog,en,0,1714590264064,""
en:scupper,scupper,scupper,en,0,1714683457765,""
en:cheeky,cheeky,cheeky,en,0,1714672849240,""
en:jutted,jutted,jut,en,0,1714761547964,""
en:tenement,tenement,tenement,en,0,1714787503951,""
en:chaff,chaff,chaff,en,0,1714639403897,""
en:forlornly,forlornly,forlornly,en,0,1714612760700,""
en:taut,taut,taut,en,0,1714596712850,""
en:wiles,wiles,wile,en,0,1714574847507,""
en:blithely,blithely,blithely,en,0,1714352287425,""
en:scuffed,scuffed,scuff,en,0,1714738815836,""
en:aghast,aghast,aghast,en,0,1714775959294,""
en:rummaging,rummaging,rummage,en,0,1714854196377,""
en:despondent,despondent,despondent,en,0,1714904880464,""
en:deuce,deuce,deuce,en,0,1714905212896,""
en:yore,yore,yore,en,0,1714875435150,""
en:drayman,drayman,drayman,en,0,1714855834545,""
en:repast,repast,repast,en,0,1715204008075,""
en:impelled,impelled,impel,en,0,1715292149713,""
en:contumacy,contumacy,contumacy,en,0,1715292068374,""
en:indorsed,indorsed,indorse,en,0,1715293631371,""
en:knave,knave,knave,en,0,1715293646527,""
en:nonplused,nonplused,nonplused,en,0,1715290662938,""
en:wearisome,wearisome,wearisome,en,0,1715290600914,""
en:alms,alms,alms,en,0,1715290896703,""
en:swooned,swooned,swoon,en,0,1715292315245,""
en:bock,bock,bock,en,0,1715205563299,""
en:hovel,hovel,hovel,en,0,1715293780241,""
en:mirth,mirth,mirth,en,0,1715290830390,""
en:transom,transom,transom,en,0,1715295655350,""
en:lopsided,lopsided,lopsided,en,0,1715984815548,""
en:crinkly,crinkly,crinkly,en,0,1716028834217,""
en:affability,affability,affability,en,0,1716084249966,""
en:befalls,befalls,befall,en,0,1716413192111,""
en:redress,redress,redress,en,0,1716411618267,""
en:cherubim,cherubim,cherub,en,0,1716237331643,""
en:crooned,crooned,croon,en,0,1716063111673,""
en:Norman,Norman,Norman,en,0,1716061274587,""
en:bier,bier,bier,en,0,1716061639439,""
en:jostle,jostle,jostle,en,0,1716062099604,""
en:loam,loam,loam,en,0,1716061951438,""
en:poltrooneries,poltrooneries,poltroonery,en,0,1716402298683,""
en:beseechingly,beseechingly,beseechingly,en,0,1716417664661,""
en:glen,glen,glen,en,0,1716086600506,""
en:sufferance,sufferance,sufferance,en,0,1716411645142,""
en:effigy,effigy,effigy,en,0,1716061673768,""
en:boon,boon,boon,en,0,1716418031489,""
en:retribution,retribution,retribution,en,0,1716413351156,""
en:crones,crones,crone,en,0,1716753390337,""
en:cheroot,cheroot,cheroot,en,0,1716065409660,""
en:fiends,fiends,fiend,en,0,1716067152221,""
en:flinty,flinty,flinty,en,0,1716061747435,""
en:knapsack,knapsack,knapsack,en,0,1716086256627,""
en:ruffian,ruffian,ruffian,en,0,1716416433697,""
en:cerulean,cerulean,cerulean,en,0,1716400676557,""
en:gully,gully,gully,en,0,1716417649722,""
en:wintry,wintry,wintry,en,0,1716755804142,""
en:moleskin,moleskin,moleskin,en,0,1716073682970,""
en:striven,striven,strive,en,0,1716073327390,""
en:puckishly,puckishly,puckishly,en,0,1716399029842,""
en:shared,shared,share,en,0,1716073685484,""
en:wafers,wafers,wafer,en,0,1716413256404,""
en:modishly,modishly,modishly,en,0,1716399036652,""
en:throwback,throwback,throwback,en,0,1716060691862,""
en:unworldly,unworldly,unworldly,en,0,1716061062373,""
en:cowering,cowering,cower,en,0,1716401147257,""
en:roving,roving,roving,en,0,1716417073555,""
en:sundry,sundry,sundry,en,0,1716067517923,""
en:thwart,thwart,thwart,en,0,1716061439810,""
en:weaving,weaving,weave,en,0,1716067241526,""
en:indignities,indignities,indignity,en,0,1716037919497,""
en:avuncular,avuncular,avuncular,en,0,1716399526023,""
en:foisted,foisted,foist,en,0,1716062765102,""
en:preen,preen,preen,en,0,1716155089959,""
en:snuffing,snuffing,snuff,en,0,1716038196599,""
en:shrugged,shrugged,shrug,en,0,1716086269196,""
en:straddled,straddled,straddle,en,0,1716066757741,""
en:follies,follies,Follies,en,0,1716237968771,""
en:harebrained,harebrained,harebrained,en,0,1716401269295,""
en:meekness,meekness,meekness,en,0,1716061232702,""
en:Shriven,Shriven,shriven,en,0,1716067575015,""
en:peddlers,peddlers,peddler,en,0,1716061596120,""
en:intercede,intercede,intercede,en,0,1716066923107,""
en:dapper,dapper,dapper,en,0,1716084977344,""
en:bobbed,bobbed,bob,en,0,1716753421395,""
en:hazy,hazy,hazy,en,0,1716037854348,""
en:larded,larded,lard,en,0,1716030316367,""
en:sallow,sallow,sallow,en,0,1716038077149,""
en:grimly,grimly,grimly,en,0,1716063775157,""
en:scourge,scourge,scourge,en,0,1716237881893,""
en:supercilious,supercilious,supercilious,en,0,1716757409506,""
en:girth,girth,girth,en,0,1716778334644,""
en:girdled,girdled,girdle,en,0,1716778343462,""
en:obsequiousness,obsequiousness,obsequiousness,en,0,1716842055087,""
en:tawny,tawny,tawny,en,0,1716841090426,""
en:uncouth,uncouth,uncouth,en,0,1716841136261,""
en:brook,brook,brook,en,0,1716841233627,""
en:perfunctorily,perfunctorily,perfunctorily,en,0,1717189965962,""
en:wanton,wanton,wanton,en,0,1717193332246,""
en:niggardly,niggardly,niggardly,en,0,1717189694146,""
en:gallant,gallant,gallant,en,0,1716850770417,""
en:litter,litter,litter,en,0,1717193421772,""
en:unerring,unerring,unerring,en,0,1717193092478,""
en:stoop,stoop,stoop,en,0,1717189685725,""
en:mottled,mottled,mottle,en,0,1716850394390,""
en:profusely,profusely,profusely,en,0,1717193795421,""
en:incensed,incensed,incense,en,0,1716850805574,""
en:propelled,propelled,propel,en,0,1716849606182,""
en:inextricable,inextricable,inextricable,en,0,1718312388316,""
en:jabbering,jabbering,jabber,en,0,1717711793297,""
en:coddled,coddled,coddle,en,0,1717703966843,""
en:foolhardiness,foolhardiness,foolhardiness,en,0,1717754992598,""
en:swop,swop,swop,en,0,1718242854637,""
en:Fair,Fair,fair,en,0,1717608707771,""
en:rustled,rustled,rustle,en,0,1717703564682,""
en:chasers,chasers,chaser,en,0,1717817421045,""
en:ogling,ogling,ogle,en,0,1717703915965,""
en:chummy,chummy,chummy,en,0,1717755373366,""
en:jilted,jilted,jilt,en,0,1717817169368,""
en:rue,rue,rue,en,0,1717634707954,""
en:garotte,garotte,garotte,en,0,1717699904499,""
en:minder,minder,minder,en,0,1717754955913,""
en:dab,dab,dab,en,0,1717703416367,""
en:lib,lib,lib,en,0,1717703476632,""
en:rifling,rifling,rifling,en,0,1717708831011,""
en:jot,jot,jot,en,0,1717755463603,""
en:conversation,conversation,conversation,en,0,1717755481564,""
en:stalked,stalked,stalked,en,0,1718311195351,""
en:conjectured,conjectured,conjecture,en,0,1717713954073,""
en:smother,smother,smother,en,0,1717711820837,""
en:jibes,jibes,jibe,en,0,1718318461650,""
en:niggled,niggled,niggle,en,0,1718311579143,""
en:sheaf,sheaf,sheaf,en,0,1717634909505,""
en:slopping,slopping,slop,en,0,1718312510653,""
en:shambles,shambles,shambles,en,0,1717712086613,""
en:begetters,begetters,begetter,en,0,1717638841546,""
en:caboodle,caboodle,caboodle,en,0,1717986067358,""
en:assuaged,assuaged,assuage,en,0,1717704057266,""
en:rotas,rotas,rota,en,0,1718045881524,""
en:meaty,meaty,meaty,en,0,1717867436065,""
en:Chastened,Chastened,chasten,en,0,1718312284035,""
en:crank,crank,crank,en,0,1717608711867,""
en:twine,twine,twine,en,0,1717634456027,""
en:noughts,noughts,nought,en,0,1718300649206,""
en:desultorily,desultorily,desultorily,en,0,1718138192009,""
en:trussed,trussed,truss,en,0,1717620039074,""
en:askance,askance,askance,en,0,1717730446914,""
en:hankering,hankering,hanker,en,0,1717711782624,""
en:tutting,tutting,tut,en,0,1718242973673,""
en:kneecapped,kneecapped,kneecap,en,0,1718301086439,""
en:contrition,contrition,contrition,en,0,1717703139274,""
en:treacle,treacle,treacle,en,0,1717712233401,""
en:sloughed,sloughed,slough,en,0,1718311772016,""
en:ruefully,ruefully,ruefully,en,0,1718312730705,""
en:queer,queer,queer,en,0,1717609420813,""
en:encroaching,encroaching,encroach,en,0,1718319965853,""
en:foregone,foregone,foregone,en,0,1717867188220,""
en:tenuous,tenuous,tenuous,en,0,1717755491081,""
en:Internecine,Internecine,internecine,en,0,1718302693746,""
en:waded,waded,Wade,en,0,1717702391463,""
en:ineluctable,ineluctable,ineluctable,en,0,1718045722372,""
en:gnawed,gnawed,gnaw,en,0,1718302169385,""
en:heathen,heathen,heathen,en,0,1718299285061,""
en:straddling,straddling,straddle,en,0,1718402845880,""
en:brooding,brooding,brooding,en,0,1718402904328,""
en:weave,weave,weave,en,0,1718401686901,""
en:plodding,plodding,plodding,en,0,1717986310123,""
en:swag,swag,swag,en,0,1718401388507,""
en:baulked,baulked,baulk,en,0,1718401005709,""
en:Cornicing,Cornicing,cornicing,en,0,1718401057381,""
en:champing,champing,champ,en,0,1718402151857,""
en:bleary,bleary,bleary,en,0,1717709125433,""
en:magpie,magpie,magpie,en,0,1717609064448,""
en:indomitable,indomitable,indomitable,en,0,1717712378882,""
en:tourniquet,tourniquet,tourniquet,en,0,1718402107810,""
en:ignominy,ignominy,ignominy,en,0,1717708884702,""
en:morass,morass,morass,en,0,1718312797644,""
en:silt,silt,silt,en,0,1717619771767,""
en:resolutely,resolutely,resolutely,en,0,1718402826917,""
en:gritty,gritty,gritty,en,0,1718402854386,""
en:tawdry,tawdry,tawdry,en,0,1717620155766,""
en:padded,padded,pad,en,0,1717700033060,""
en:venial,venial,venial,en,0,1717634542557,""
en:posited,posited,posit,en,0,1717634338040,""
en:dour,dour,dour,en,0,1717699785697,""
en:glutton,glutton,glutton,en,0,1717620532285,""
en:preened,preened,preen,en,0,1717817251008,""
en:ungodly,ungodly,ungodly,en,0,1717620252646,""
en:Bewildering,Bewildering,bewilder,en,0,1718468601060,""
en:withering,withering,withering,en,0,1718472139628,""
en:blaring,blaring,blaring,en,0,1718469839118,""
en:trawled,trawled,trawl,en,0,1718468695592,""
en:ancillary,ancillary,ancillary,en,0,1718462131691,""
en:slacker,slacker,slacker,en,0,1718472592013,""
en:slouched,slouched,slouch,en,0,1718471753840,""
en:bawled,bawled,bawl,en,0,1718469922247,""
en:sidled,sidled,sidle,en,0,1718472016288,""
en:festooned,festooned,festoon,en,0,1718461866500,""
en:outlandish,outlandish,outlandish,en,0,1718468426404,""
en:tiff,tiff,tiff,en,0,1718473457838,""
en:Ditto,Ditto,ditto,en,0,1718462222817,""
en:rogered,rogered,roger,en,0,1718473478178,""
en:prevaricating,prevaricating,prevaricate,en,0,1718469721130,""
en:Cursory,Cursory,cursory,en,0,1718463993142,""
en:cosh,cosh,cosh,en,0,1718468784260,""
en:qualms,qualms,qualm,en,0,1718469794293,""
en:abode,abode,abode,en,0,1718468886568,""
en:garish,garish,garish,en,0,1718461858665,""
en:consigning,consigning,consign,en,0,1718477574868,""
en:craggy,craggy,craggy,en,0,1718477953264,""
en:swilling,swilling,swill,en,0,1718486994597,""
en:Good,Good,good,en,0,1718561426655,""
en:creepers,creepers,creeper,en,0,1718560641211,""
en:barrow,barrow,barrow,en,0,1718561433819,""
en:poncing,poncing,Ponce,en,0,1718561835494,""
en:hedgerow,hedgerow,hedgerow,en,0,1718560213276,""
en:bale,bale,bale,en,0,1719271562760,""
en:creakier,creakier,creak,en,0,1719179313719,""
en:demurred,demurred,demur,en,0,1719098691505,""
en:flog,flog,flog,en,0,1718660460113,""
en:mulish,mulish,mulish,en,0,1719096797047,""
en:primly,primly,primly,en,0,1719098711778,""
en:curmudgeons,curmudgeons,curmudgeon,en,0,1719266152871,""
en:lintel,lintel,lintel,en,0,1718804701473,""
en:Kickbacks,Kickbacks,kickback,en,0,1718660853039,""
en:plaited,plaited,plait,en,0,1718804656496,""
en:you,you,you,en,0,1719173212670,""
en:wry,wry,wry,en,0,1719147650317,""
en:scatty,scatty,scatty,en,0,1719249210975,""
en:bespoke,bespoke,bespoke,en,0,1719147116688,""
en:flunkies,flunkies,flunkey,en,0,1718832037895,""
en:mellifluous,mellifluous,mellifluous,en,0,1718831877902,""
en:ribald,ribald,ribald,en,0,1719098464007,""
en:sacrament,sacrament,sacrament,en,0,1719265386413,""
en:'fessing,'fessing,Fès,en,0,1719100027681,""
en:kibble,kibble,kibble,en,0,1719249113331,""
en:turgid,turgid,turgid,en,0,1719265099797,""
en:copse,copse,copse,en,0,1719270934525,""
en:tendrils,tendrils,tendril,en,0,1718802832300,""
en:defiled,defiled,defile,en,0,1719232950623,""
en:perky,perky,perky,en,0,1718831747434,""
en:staves,staves,stave,en,0,1718831636734,""
en:wreath,wreath,wreath,en,0,1718804671137,""
en:teetered,teetered,teeter,en,0,1719099842582,""
en:spliff,spliff,spliff,en,0,1719272241483,""
en:folly,folly,folly,en,0,1719173216832,""
en:taper,taper,taper,en,0,1719232441780,""
en:jaunt,jaunt,jaunt,en,0,1719271957435,""
en:commiserating,commiserating,commiserate,en,0,1718660632675,""
en:scruff,scruff,scruff,en,0,1719096840731,""
en:stile,stile,stile,en,0,1719247446670,""
en:inane,inane,inane,en,0,1719099523411,""
en:questing,questing,quest,en,0,1718832024798,""
en:smarmy,smarmy,smarmy,en,0,1719246959478,""
en:hymnals,hymnals,hymnal,en,0,1719099650339,""
en:peeved,peeved,peeve,en,0,1719233722100,""
en:sheepish,sheepish,sheepish,en,0,1718803476120,""
en:humbug,humbug,humbug,en,0,1719233757637,""
en:snivelling,snivelling,snivel,en,0,1718832223791,""
en:shenanigans,shenanigans,shenanigans,en,0,1718805559283,""
en:winch,winch,winch,en,0,1719271292512,""
en:swotted,swotted,swot,en,0,1718832535600,""
en:blithering,blithering,blithering,en,0,1718805098504,""
en:wench,wench,wench,en,0,1719233751569,""
en:twitching,twitching,twitch,en,0,1719103389428,""
en:swathing,swathing,swath,en,0,1719100160017,""
en:scrunched,scrunched,scrunch,en,0,1719271837042,""
en:rejoiced,rejoiced,rejoice,en,0,1719173556991,""
en:shirking,shirking,shirk,en,0,1719179261210,""
en:sniggering,sniggering,snigger,en,0,1718660896119,""
en:tidying,tidying,tidy,en,0,1719271695857,""
en:windfalls,windfalls,windfall,en,0,1719179586911,""
en:snagged,snagged,snag,en,0,1719147346267,""
en:wistfully,wistfully,wistfully,en,0,1719096607368,""
en:brambles,brambles,bramble,en,0,1719270882634,""
en:sanctimonious,sanctimonious,sanctimonious,en,0,1719098361207,""
en:chink,chink,chink,en,0,1719063705287,""
en:foibles,foibles,foible,en,0,1719271793976,""
en:dinky,dinky,dinky,en,0,1718805311147,""
en:scruffy,scruffy,scruffy,en,0,1719099750658,""
en:wistful,wistful,wistful,en,0,1718805104750,""
en:scullery,scullery,scullery,en,0,1719103665190,""
en:churlish,churlish,churlish,en,0,1719247427489,""
en:flailing,flailing,flail,en,0,1719248873809,""
en:nubile,nubile,nubile,en,0,1718661647628,""
en:middling,middling,middling,en,0,1719350023387,""
en:wilful,wilful,wilful,en,0,1719350785816,""
en:snide,snide,snide,en,0,1719351035416,""
en:apposite,apposite,apposite,en,0,1719356015463,""
en:muss,muss,muss,en,0,1719356071487,""
en:rampaging,rampaging,rampage,en,0,1719356332596,""
en:jumbo,jumbo,jumbo,en,0,1719363558268,""
en:gelded,gelded,geld,en,0,1719363610705,""
en:bolter,bolter,Bolt,en,0,1719363616261,""
en:blustered,blustered,bluster,en,0,1719363725211,""
en:reams,reams,ream,en,0,1719403746437,""
en:toke,toke,toke,en,0,1719405298211,""
en:wryly,wryly,wryly,en,0,1719405623451,""
en:balmy,balmy,balmy,en,0,1719406111210,""
en:contrived,contrived,contrived,en,0,1719525271518,""
en:garret,garret,garret,en,0,1719525462503,""
en:shunted,shunted,shunt,en,0,1719604957393,""
en:rueful,rueful,rueful,en,0,1719613494734,""
en:truancy,truancy,truancy,en,0,1719666548317,""
en:bonniest,bonniest,bonnie,en,0,1719666572002,""
en:crock,crock,crock,en,0,1719666612848,""
en:rankled,rankled,rankle,en,0,1719672749946,""
en:daft,daft,daft,en,0,1719672949325,""
en:hod,hod,hod,en,0,1719673101081,""
en:vicarious,vicarious,vicarious,en,0,1719673581368,""
en:pish,pish,pish,en,0,1719673666072,""
en:patter,patter,patter,en,0,1719673672061,""
en:remonstrate,remonstrate,remonstrate,en,0,1719673822232,""
en:dualled,dualled,dual,en,0,1719699747371,""
en:overtake,overtake,overtake,en,0,1719699806563,""
en:inexorably,inexorably,inexorably,en,0,1719699966680,""
en:carriageway,carriageway,carriageway,en,0,1719700814324,""
en:plying,plying,ply,en,0,1719701230600,""
en:ropiest,ropiest,rope,en,0,1719701376847,""
en:golem,golem,golem,en,0,1719701538498,""
en:grafting,grafting,graft,en,0,1719701925458,""
en:guile,guile,guile,en,0,1719703147703,""
